ID,ra,dec,is_primary,has_G235M,has_G235H,has_G395M,has_G395H,z_dja_G235M,z_dja_G235H,z_dja_G395M,z_dja_G395H,z_av,in_muse,edge,duplicate,AO_block,in_good,z_sys,z_sys_err,z_sys_snr,z_sys_line,z_sys_grating,z_sys_quality,z_dja,z_best,z_best_source,z_OIII,z_OIII_err,z_OIII_snr,z_Ha,z_Ha_err,z_Ha_snr,lya_peak_snr,lya_snr_centre_air,lya_det_98,lya_det_99p5,lya_dx_arcsec,lya_dy_arcsec,lya_fit_success,lya_quality_flag,lya_quality_reason,z_lya,z_lya_err,lya_peak_used,lya_peak_wave_vac,lya_flux,lya_flux_err_fit,lya_flux_err_mc,lya_fwhm_int_kms,lya_fwhm_int_kms_err,lya_fwhm_obs_kms,lya_fwhm_obs_kms_err,lya_fwhm_lsf_kms,lya_resolved,lya_frac_unresolved_mc,lya_alpha_skew,lya_skew_at_max,lya_n_mc_success,lya_flux_cgs,lya_flux_cgs_err,delta_v_kms,delta_v_err_kms,delta_v_err_lya_kms,delta_v_err_sys_kms,delta_v_obs_kms,delta_v_int_kms,tier,n_criteria_failed,pass_zsys_is_OIII,pass_dv_positive,pass_dv_err<120,pass_fwhm>lsf,pass_snr>3,pass_not_oob,manual,tier_when_labelled,manual_note,M_UV,M_UV_err,m_UV,beta,beta_err,f1500_nJy,uv_n_filters,uv_filters_used,uv_fit_flag,good_muv,good_beta,uv_z,uv_z_type,pm_number,pm_sep_arcsec,pm_n_within,pm_flag,pm_flag_phot_bad,pm_blend,pm_jels_outlier,pm_ap_diam,pm_total_correction,pm_z_phot,pm_logM_lephare,ha_flux_best,ha_flux_best_err,ha_flux_best_snr,ha_flux_best_grating,ha_fwhm_int_kms,ha_fwhm_int_kms_err,ha_fwhm_obs_kms,ha_fwhm_unresolved,ha_fwhm_grating,hb_flux_best,hb_flux_best_err,hb_flux_best_snr,hb_flux_best_grating,ha_corr_grating,ha_hb_same_grating,ha_slit_reference,ha_flux_uncorr,ha_flux_uncorr_err,ha_slit_factor,ha_slit_source,ha_flux_slitcorr,ha_flux_slitcorr_err,balmer_ratio,ebv_neb,ebv_neb_err_lo,ebv_neb_err_hi,A_ha,ha_flux_fullcorr,ha_flux_fullcorr_err_lo,ha_flux_fullcorr_err_hi,ha_flux_fullcorr_dja,ha_dust_method,ha_balmer_basis,sed_logM,sed_logM_err_lo,sed_logM_err_hi,sed_sfr10,sed_sfr10_err_lo,sed_sfr10_err_hi,sed_ssfr10,sed_av,sed_av_err_lo,sed_av_err_hi,sed_ebv,fesc_lya,fesc_lya_err_lo,fesc_lya_err_hi,fesc_lya_is_limit,fesc_ha_dust,zsys_muse,zsys_muse_source,zsys_mismatch_kms,z_sys_dv
16871,150.11752678,2.25685425,True,0,1,0,1,,3.0803,,3.0812,3.08075,1,0,0,0,True,3.0814630796266487,7.350233723419313e-05,44.90138093214652,OIII,G235H,a,3.0803,3.0814630796266487,z_sys,3.0814630796266487,7.350233723419313e-05,44.90138093214652,,,,2.244913021279718,4969.061,False,False,-0.3,0.2999999999999998,True,0.0,unresolved,3.0897634998550503,0.0007350330106365,obs,4971.802793868789,126.61017220589486,43.7530241219159,46.85087535959742,7.179435664115946,188.2906058585114,175.514228387085,151.51709787185723,175.6317773570473,False,0.6,14.999833007550793,True,500.0,1.2661017220589485e-18,4.685087535959741e-19,609.6841583908349,54.2590649193409,53.98979451016218,5.398908655618506,609.6841583908349,606.0699251608442,bronze,2.0,True,True,True,False,False,True,b,bronze,,-18.840961176500254,0.1939386288235528,26.728065226534888,-1.1195521946163562,0.3448242855984564,73.92650221158915,3,F814W;F090W;F115W,ok,True,True,3.0814630796266487,z_sys_OIII,19054.0,0.0649373500663015,1,0.0,False,0.0,False,0.5,1.763100114493925,3.0522615909576416,9.625276973636703,,,,,,,,,,2.3887610366362205e-18,7.012271611303432e-19,3.4065437978552584,G235H,,False,PRIMER+MINERVA total,,,,,,,,,,,,,,,,,,,,,,,,,,,,,,,,,,3.0814630796266487,z_sys,0.0,3.0814630796266487
17058,150.1246466,2.25791387,True,1,1,1,1,3.2684,3.2678,3.2684,3.2679,3.268125,1,0,0,0,True,3.268980072447333,1.4644886873410567e-05,518.2024841807757,OIII,G235H,a,3.2678,3.268980072447333,z_sys,3.268980072447333,1.4644886873410567e-05,518.2024841807757,3.267806770476633,1.884930938157369e-05,215.1765978304688,7.809311377701261,5191.061,True,False,0.1999999999999998,0.2999999999999998,True,1.0,ok,3.2727668564419963,0.0004106717332805,obs,5194.2744843708415,384.3351814090185,50.28038777419814,56.1275747401187,331.05460753076346,74.93965079948501,369.1946420856477,67.76564807075619,164.06772530483926,True,0.0,0.000320845564746,False,500.0,3.8433518140901845e-18,5.61275747401187e-19,265.92986203009787,28.858074873751708,28.83974304445536,1.0284486126436128,265.92986203009787,265.8891654920312,gold,0.0,True,True,True,True,True,True,a,gold,,-20.33682582448632,0.0868275427846107,25.33735611524413,-2.000535148146616,0.193077549297199,266.1238531128424,3,F814W;F090W;F115W,ok,True,True,3.268980072447333,z_sys_OIII,19467.0,0.0410771531348329,1,0.0,False,0.0,False,0.3,3.247340061504552,3.264963865280152,8.63152777033274,8.792744839968163e-18,2.1010160658958265e-19,41.84996479890854,G235H,116.86472470850784,2.574078849247432,136.36187573955107,False,G235H,2.4599052043591866e-18,1.1626849717263104e-19,21.157108453090377,G235H,G235H,True,PRIMER+MINERVA total,8.792744839968163e-18,2.1010160658958265e-19,2.2897735308888927,direct,2.0133394398418996e-17,1.2731727318775253e-18,3.5741429785105563,0.1902997041030244,0.0433041205887114,0.0466264023105663,0.6326990096234415,3.6042529489781255e-17,5.19789716925255e-18,6.385489844813394e-18,1.5712885863426147e-17,balmer,observed_same_grating,,,,,,,,,,,,,,,,,3.268980072447333,z_sys,0.0,3.268980072447333
17416,150.10994726,2.25906961,True,0,1,0,1,,5.878,,5.8514,5.8647,1,0,0,0,True,,,,,,d,5.8514,5.8514,z_dja,,,,,,,3.293785017077626,8364.061,False,False,-1.1102230246251563e-16,-0.3,True,0.0,dv_out_of_band,5.882321764367646,0.0011532620652002,obs,8366.632099288816,305.59879242111606,64.19729230539119,68.3057828431934,310.5623718852644,107.69885338355876,322.8435071126112,102.4041164982935,88.5455197366262,True,0.006,6.012017335007766e-05,False,500.0,3.0559879242111606e-18,6.83057828431934e-19,,,,,,,stone,4.0,False,False,False,True,True,False,d,stone,,-21.20630697635388,0.0592812039798848,25.451442953906597,-1.1760408894132364,0.1189061454394884,239.5791762573593,6,F115W;F140M;F150W;F162M;F182M;F200W,ok,True,True,5.8647,z_av,19756.0,0.0771314519310576,1,56.0,False,0.0,False,0.5,2.29065709586025,1.469360113143921,10.328960081541345,,,,,,,,,,1.2829007597928197e-18,1.6548121199188297e-18,0.7752546312361714,G395H,,,,,,,,,,,,,,,,,,,,,,,,,,,,,,,,,,,,,5.854014796650496,z_sys,114.41403436121116,
17578,150.09731355,2.26011549,True,1,1,1,0,3.0937,3.0931,3.0926,,3.093133333333333,1,5,0,0,False,3.094567955187736,0.0001369311968233,19.53443336180146,OIII,G235H,a,3.0931,3.094567955187736,z_sys,3.094567955187736,0.0001369311968233,19.53443336180146,3.093096653653056,0.0001380310404691,21.492031883437644,3.386820178353989,4973.061,False,False,0.2999999999999998,-1.1102230246251563e-16,True,0.0,dv_out_of_band,3.0874260473532003,0.0014668556950607,obs,4968.961222985866,279.1356790847233,69.43022156221265,81.51731533690474,525.3885492198895,325.216769503855,566.4427222337223,308.93994059884506,175.90328365176595,True,0.028,14.999999999978543,True,500.0,2.7913567908472327e-18,8.151731533690474e-19,-522.9098962229301,107.86587955148345,107.39894395851664,10.025707357116438,-522.9098962229301,-602.2044172929118,bronze,2.0,True,False,True,True,True,False,d,bronze,,-18.554041875531915,0.196894056510054,27.022576362543436,-0.5928364412672481,0.3522857585691787,56.363208026747294,3,F814W;F090W;F115W,ok,True,True,3.094567955187736,z_sys_OIII,19897.0,0.0174699304843269,1,0.0,False,0.0,False,0.5,1.5655122201860563,3.0276732444763184,9.78865646201276,1.4552166484392262e-18,1.7590550427069724e-19,8.272718096415131,G235H,188.1646410852252,18.89809979945641,202.07056810805423,False,G235H,1.835743416636763e-19,8.139725648892096e-19,0.2255289054965418,G235H,G235H,True,PRIMER+MINERVA total,1.4552166484392262e-18,1.7590550427069724e-19,0.9120653317445596,direct,1.3272526552189292e-18,1.7404856965512562e-19,,,,,,,,,,,,,,,,,,,,,,,,,,,,3.094567955187736,z_sys,0.0,3.094567955187736
17806,150.13654183,2.26058631,True,0,1,0,0,,2.9569,,,2.9569,1,0,0,0,True,,,,,,d,2.9569,2.9569,z_dja,,,,,,,3.379000638807499,4822.061,False,False,0.3999999999999998,-0.2,True,1.0,ok,2.9682648927526047,0.0008559477108714,obs,4824.100582172559,168.2793322508996,46.20886059475405,54.2439619067626,327.488730571608,225.64519650939903,375.5180740998021,198.50303628136783,184.08328859006,True,0.1159999999999999,0.0013139281601147,False,500.0,1.682793322508996e-18,5.42439619067626e-19,,,,,,,stone,3.0,False,False,False,True,True,True,d,stone,,-15.967218103147928,1.498723016272275,29.52768617847855,-0.9480980344321734,2.4764266457892257,5.609856827657843,3,F814W;F090W;F115W,ok,False,False,2.9569,z_av,20179.0,0.1465074046525352,1,5.0,False,0.0,False,0.5,1.291,2.7200627326965328,10.55592624226642,,,,,,,,,,-4.801959030617192e-19,3.309694519802236e-17,-0.0145087681110343,G235H,,,,,,,,,,,,,,,,,,,,,,,,,,,,,,,,,,,,,2.955918150968278,z_sys,-74.38927812300189,
17891,150.09821258,2.26032195,True,1,1,1,0,3.0937,3.0925,3.0931,,3.0931,1,0,0,0,True,3.092675821890733,9.680989482906022e-05,22.3147335552176,Ha,G235H,b,3.0925,3.092675821890733,z_sys,,,,3.092675821890733,9.680989482906022e-05,22.3147335552176,4.310987003327139,4971.061,False,False,-0.2,-0.2,True,0.0,dv_out_of_band,3.088529967851745,0.001698807118996,obs,4970.303226018331,312.0453956170572,67.37469970418599,75.97225644038171,745.7437147731449,269.6140701055991,776.2607142266507,260.13011981850786,175.75060040549377,True,0.002,14.999999999999998,True,500.0,3.1204539561705717e-18,7.59722564403817e-19,-303.6878137793298,124.6411582216702,124.43926273066695,7.091418326926629,-303.6878137793298,-376.9311208039664,stone,4.0,False,False,False,True,True,False,d,stone,,-18.21802231751221,0.4798909183584629,27.35750212986224,-0.6045792238261379,0.8833056271375888,41.40238856821028,3,F814W;F090W;F115W,ok,True,False,3.092675821890733,z_sys_Ha,19865.0,0.2325279054027783,1,5.0,False,0.0,False,0.5,2.999707247083627,2.9556043148040767,10.26807887232632,3.7013278111795925e-18,4.531108777886522e-19,8.168702171184751,G235H,158.8470307981529,17.421421237207657,175.1011639779564,False,G235H,3.8808947426404703e-19,2.6756685844237873e-19,1.4504392529152603,G235H,G235H,True,PRIMER+MINERVA total,3.701327811179593e-18,4.531108777886522e-19,3.497310087047295,direct,1.2944691089507076e-17,1.8577016701970116e-18,,,,,,,,,,,,,,,,,,,,,,,,,,,,3.0928437799138218,z_sys,12.3030874601033,3.092675821890733
18444,150.1203848,2.26339999,True,0,1,0,1,,4.8672,,4.8633,4.86525,1,0,0,0,True,4.863015408142131,0.0001252936093198,16.558706824627865,Ha,G395H,b,4.8633,4.863015408142131,z_sys,,,,4.863015408142131,0.0001252936093198,16.558706824627865,3.8342967019580634,7135.061,False,False,-0.4,-0.3,True,1.0,ok,4.871192032456397,0.0016021548802764,obs,7137.432018096269,176.5463114039957,47.31961629604085,55.56896334474009,423.60260113508417,196.78212726790423,436.1337813000063,187.6105549075809,103.98241850862568,True,0.024,0.0077846086776721,False,500.0,1.765463114039957e-18,5.556896334474009e-19,418.0937846270028,82.17280945122006,81.92268247968995,6.406614428730829,418.0937846270028,418.0537361594807,silver,1.0,False,True,True,True,True,True,a,silver,,-19.57716711996537,0.0876593990870362,26.776048688688554,-0.9600019290789308,0.1730447694372305,70.73050737428237,5,F090W;F115W;F140M;F150W;F162M,ok,True,True,4.863015408142131,z_sys_Ha,21170.0,0.0303486572644893,1,0.0,False,0.0,False,0.3,2.95037980520179,4.873,9.65587792671917,8.22911833673007e-18,8.147657024329981e-19,10.099981273336416,G395H,225.4084747141836,18.487403565354946,241.89480089834183,False,G395H,,,,,G395H,False,PRIMER+MINERVA total,8.22911833673007e-18,8.147657024329982e-19,0.9138114519051608,direct,7.519862575186687e-18,1.2050874471390476e-18,,,,,,,,,,,,,,,,,,,,,,,,,,,,4.865695905931787,z_sys,137.0613865194158,4.863015408142131
18502,150.0937461,2.26383469,True,0,1,0,0,,3.3744,,,3.3744,1,0,0,0,True,3.3746310569744367,1.3498735852590638e-05,278.750063931174,Ha,G235H,b,3.3744,3.3746310569744367,z_sys,,,,3.3746310569744367,1.3498735852590638e-05,278.750063931174,10.547205131145764,5322.061,True,True,-0.4,-0.1,True,1.0,ok,3.3787970847716444,0.00054339742135,obs,5323.172252044345,427.5133462243157,40.56045150878389,44.22761912162847,438.6356755291488,61.90440835997878,468.1399593616693,57.81010001332574,158.00450556063643,True,0.0,2.1423020684814538,False,500.0,4.275133462243157e-18,4.422761912162846e-19,285.4969246903827,37.25038820588955,37.238900034245816,0.9250652565749662,285.4969246903827,277.0260067952523,silver,1.0,False,True,True,True,True,True,a,silver,,-19.551232393457727,0.1568450786001533,26.179107184310716,-2.420354174279685,0.3511009790167917,122.56977113907888,3,F814W;F090W;F115W,ok,True,True,3.3746310569744367,z_sys_Ha,21375.0,0.0558047641225813,1,5.0,False,0.0,False,0.3,2.0809870013525824,3.337,8.013269367449265,1.0884933483614773e-17,2.178076725049623e-19,49.97497727435099,G235H,83.90790520380082,1.9312328246619983,108.1895497507631,False,G235H,2.9593309475711826e-18,1.2699055377899477e-19,23.303551795839788,G235H,G235H,True,PRIMER+MINERVA total,1.0884933483614773e-17,2.178076725049623e-19,0.9587972456269314,direct,1.0436444242922204e-17,7.154356524009786e-19,3.678726641740605,0.2149223503731251,0.040000691358083,0.040865710851052,0.7145631616610455,2.013574090048329e-17,2.850052981575768e-18,3.1966907697314442e-18,2.106408310212025e-17,balmer,observed_same_grating,,,,,,,,,,,,,,,,,3.3744,z_dja,-15.834281200457934,3.3746310569744367
19819,150.11892789,2.26829948,True,1,1,1,0,3.084,3.0834,3.084,,3.0838,1,0,0,0,True,3.084496294212153,1.6356734488597256e-05,638.6279826493767,OIII,G235H,a,3.0834,3.084496294212153,z_sys,3.084496294212153,1.6356734488597256e-05,638.6279826493767,3.083400504822829,1.5528734348618435e-05,258.80436641379066,2.238219475113376,4968.061,False,False,-1.1102230246251563e-16,0.2999999999999998,True,1.0,ok,3.088106931749551,0.0008811830321112,obs,4969.788953719977,124.59897206475682,43.76921055829263,45.574023410932895,172.5606575815914,188.46024569577384,246.0566205868304,148.9892428971477,175.72016068848146,True,0.3299999999999999,0.0018270098887986,False,500.0,1.2459897206475682e-18,4.557402341093289e-19,265.012335503277,64.68791139489585,64.67676994072654,1.2005459875526194,265.012335503277,264.9340803057472,bronze,2.0,True,True,True,False,False,True,b,bronze,,-19.353163460309847,0.1180453118280298,26.21762351352004,-1.426469019996186,0.2230452105864238,118.29784778671242,3,F814W;F090W;F115W,ok,True,True,3.084496294212153,z_sys_OIII,22404.0,0.0180056012011099,1,0.0,False,0.0,False,0.3,3.155766028566242,3.119753122329712,8.55810479673341,8.776828714955816e-18,1.6467172981099261e-19,53.29894041332843,G235H,134.34906608405876,2.2744382290117224,153.31485720796948,False,G235H,2.413186965728747e-18,1.384559123373386e-19,17.429280736305266,G235H,G235H,True,PRIMER+MINERVA total,8.776828714955816e-18,1.6467172981099261e-19,2.103124907700486,direct,1.8458767081044428e-17,1.085028226310485e-18,3.637243679597957,0.2052406168972312,0.0502527927628484,0.0516801151971734,0.6823738148067808,3.462156409038903e-17,5.4767080592014636e-18,6.5876872188516096e-18,1.6416530376222218e-17,balmer,observed_same_grating,,,,,,,,,,,,,,,,,3.084496294212153,z_sys,0.0,3.084496294212153
19928,150.15084764,2.26915087,True,0,1,0,1,,5.3675,,5.3653,5.3664000000000005,0,0,0,0,False,5.366915158108292,0.0001309900817032,87.3598919865706,OIII,G395H,a,5.3653,5.366915158108292,z_sys,5.366915158108292,0.0001309900817032,87.3598919865706,,,,,,,,,,,,,,,,,,,,,,,,,,,,,,,,,,,,,,,,,,,,,,,,,-19.25733136360233,0.1231195488042771,27.25736831624044,-1.4545923636013034,0.2463935647462494,45.40241169498629,5,F115W;F140M;F150W;F162M;F182M,ok,True,True,5.366915158108292,z_sys_OIII,23036.0,0.0523164451179912,1,5.0,False,0.0,False,0.3,1.7359972024653725,5.465246677398682,8.8815490209817,,,,,,,,,,1.3583830840371254e-18,7.035996220654868e-19,1.9306194054645125,G395H,,False,PRIMER+MINERVA total,,,,,,,,,,,,,,,,,,,,,,,,,,,,,,,,,,,,,
23341,150.12877579,2.28125935,True,1,1,1,0,3.1832,3.1829,3.1832,,3.1831,1,0,0,0,True,3.1840106038551834,1.553441811182018e-05,1028.3351194754057,OIII,G235H,a,3.1829,3.1840106038551834,z_sys,3.1840106038551834,1.553441811182018e-05,1028.3351194754057,3.1827997738796983,1.87200589781402e-05,257.5485704819222,6.039034239058839,5085.061,True,False,-0.2,-0.2,True,1.0,ok,3.1828376747454845,0.0006606502288337,obs,5084.950276057843,328.4294139359581,52.33675994249181,57.42360951921513,393.6481001574826,110.7836358336528,440.1152503178058,100.70859937235568,169.59881671034475,True,0.004,14.999999999999998,True,500.0,3.284294139359581e-18,5.742360951921512e-19,-84.04264093699639,47.34995207232699,47.33686759728216,1.1130711248798455,-84.04264093699639,-159.84366801571625,silver,1.0,True,False,True,True,True,True,b,silver,,-19.18303241473181,0.2678705631445968,26.44440739909609,-1.506763550547355,0.5289852606629927,95.99824406132704,3,F814W;F090W;F115W,ok,True,False,3.1840106038551834,z_sys_OIII,26917.0,0.0714761307599901,1,5.0,False,0.0,False,0.3,1.98410592364062,3.187,8.32056485371769,1.3313884519398156e-17,2.497163498645879e-19,53.3160304746477,G235H,153.53411814082057,2.481617812574848,169.53154894678025,False,G235H,3.2718895918500392e-18,1.376286919336395e-19,23.773310244259587,G235M,G235M,True,PRIMER+MINERVA total,1.057506619362556e-17,3.813411493703847e-19,1.1289705703714683,direct,1.193893851233348e-17,1.0289038127265141e-18,3.2356335986081644,0.1053529893004913,0.0470108151320011,0.0462300926204746,0.3502723890479794,1.6469585152586373e-17,2.822605221651592e-18,3.3245485533352002e-18,1.4535938870784498e-17,balmer,observed_same_grating,,,,,,,,,,,,,,,,,3.1840106038551834,z_sys,0.0,3.1840106038551834
23887,150.09399606,2.28229019,True,1,1,1,0,3.2598,3.2603,3.2592,,3.2597666666666663,0,0,0,0,False,3.2615721879656974,0.0001709145818282,27.13653958208453,OIII,G235H,a,3.2603,3.2615721879656974,z_sys,3.2615721879656974,0.0001709145818282,27.13653958208453,3.259753805779768,9.956837389063108e-05,46.05917233192248,,,,,,,,,,,,,,,,,,,,,,,,,,,,,,,,,,,,,,,,,,,,,,-19.64861758716738,0.2788364100703557,26.021546616803608,-0.5241091708541731,0.5496312127617254,141.71231810027237,3,F814W;F090W;F115W,ok,True,False,3.2615721879656974,z_sys_OIII,27305.0,0.0501785552988127,1,0.0,False,0.0,False,0.5,2.463328781350017,3.1817173957824707,10.249522381143477,1.5690573405968802e-17,7.611599933174754e-19,20.6140279884946,G235M,223.33220826167505,13.55644640465706,295.39219153366133,False,G235M,1.5381299647931046e-18,3.986186217480539e-19,3.858650551868288,G235H,G235M,True,PRIMER+MINERVA total,1.5690573405968802e-17,7.611599933174754e-19,1.269443449308766,direct,1.991829562610543e-17,1.4412674409033349e-18,6.469961247025238,0.6969413686961562,0.2252672343325474,0.2979100852190283,2.317156066101606,1.675857336560253e-16,8.396809735832192e-17,2.524812602730982e-16,1.3360805324381864e-16,balmer,observed_same_grating,,,,,,,,,,,,,,,,,,,,
26580,150.11954406,2.29191409,True,1,1,1,0,3.0045,3.0042,3.0045,,3.0044000000000004,1,0,0,0,True,3.005279481392564,1.3861268888426536e-05,754.6525526772442,OIII,G235H,a,3.0042,3.005279481392564,z_sys,3.005279481392564,1.3861268888426536e-05,754.6525526772442,3.0041352818844578,1.4795598268150376e-05,456.6169588159693,8.883438835011361,4871.061,True,True,-0.2,-0.4,True,1.0,ok,3.0077943448336963,0.0004552767921642,obs,4872.15535118398,629.3214876353614,68.99747598939472,71.6092872923761,397.3780268915768,70.81012160376812,438.0707487232796,63.41828224026534,181.3093116066046,True,0.0,1.2979934407448568,False,500.0,6.2932148763536145e-18,7.1609287292376095e-19,188.23582625233416,34.09294991956771,34.07715971565761,1.0375065935762178,188.23582625233416,184.8380129622778,gold,0.0,True,True,True,True,True,True,a,gold,,-20.681162314919057,0.1166485555703987,24.842961107050687,-1.7706535402175287,0.2259196826485237,419.60611255422015,3,F814W;F090W;F115W,ok,True,True,3.005279481392564,z_sys_OIII,30759.0,0.0234084475039905,1,0.0,False,0.0,False,0.5,1.5893820228363127,3.054006099700928,9.280228296495684,1.8023665390396545e-17,3.171563840629874e-19,56.82895346296115,G235H,102.6950428387389,1.9571139746225048,127.45999497467992,False,G235H,5.0547031124958944e-18,2.257022476588524e-19,22.395448715849955,G235H,G235H,True,PRIMER+MINERVA total,1.8023665390396545e-17,3.171563840629874e-19,1.368876498726404,sample_median,2.467217197382229e-17,9.777027876461065e-18,3.565039092532924,0.188122349108833,0.0402177859165957,0.041892938164735,0.6254598478238113,4.370300221805839e-17,1.726164520396842e-17,1.907816927387409e-17,3.212653822071274e-17,balmer,observed_same_grating,,,,,,,,,,,,,,,,,3.005279481392564,z_sys,0.0,3.005279481392564
26999,150.09337527,2.29365718,True,0,1,0,0,,3.2988,,,3.2988,1,0,0,0,True,3.300137844392818,1.673586822229722e-05,288.64708853985803,OIII,G235H,a,3.2988,3.300137844392818,z_sys,3.300137844392818,1.673586822229722e-05,288.64708853985803,,,,13.23233341789166,5231.061,True,True,-1.1102230246251563e-16,0.2999999999999998,True,1.0,ok,3.3034696642936945,0.0002423233431423,obs,5231.598966791916,576.8851391384327,40.9054250761919,42.486528588803885,291.0939013026377,34.58009743858949,342.84671181506366,29.879508916385525,162.27137370040458,True,0.0,9.660947658576235,False,500.0,5.7688513913843265e-18,4.2486528588803884e-19,232.28429269993643,16.93428551758526,16.89404230753568,1.1667735437060198,232.28429269993643,176.11119575626918,gold,0.0,True,True,True,True,True,True,a,gold,,-20.26318678390349,0.1419787679226473,25.427776967520487,-2.029491982385232,0.3217298504481106,244.8586562999054,3,F814W;F090W;F115W,ok,True,True,3.300137844392818,z_sys_OIII,31364.0,0.0602385873026118,1,0.0,False,0.0,False,0.3,2.309163899396812,3.287487030029297,8.92445475928246,,,,,,,,,,2.4687694261453577e-18,2.393244891720365e-19,10.31557378305194,G235H,,False,PRIMER+MINERVA total,,,,,,,,,,,,,,,,,,,,,,,,,,,,,,,,,,3.300137844392818,z_sys,0.0,3.300137844392818
29701,150.10585312,2.30271941,True,0,1,1,0,,3.4886,3.4878,,3.4882,1,0,0,0,True,3.4899060755399622,2.15465221486052e-05,627.020488512274,OIII,G235H,a,3.4886,3.4899060755399622,z_sys,3.4899060755399622,2.15465221486052e-05,627.020488512274,3.487590426407148,6.446870425695143e-05,87.41632677363918,22.136425663191662,5458.061,True,True,-0.1,0.1999999999999998,True,1.0,ok,3.489835051146485,0.0001461881033993,obs,5458.1577766272485,545.8304270518587,23.349009884473595,24.329238991556338,275.509137759291,19.326943504375883,326.8796764769358,16.55408223469531,151.98528352968785,True,0.0,13.193295524242592,False,500.0,5.458304270518587e-18,2.4329238991556336e-19,-4.742321362684496,9.866478528051886,9.761026202126892,1.438668143075792,-4.742321362684496,-67.70822593170955,silver,1.0,True,False,True,True,True,True,b,silver,,-19.738269130588066,0.3966441960882181,26.05102428859989,-1.900541873133134,1.002152236567754,137.91659724980786,3,F814W;F090W;F115W,ok,True,False,3.4899060755399622,z_sys_OIII,34630.0,0.0468402517037282,2,5.0,False,1.0,False,0.3,1.901856715259552,3.5123748779296875,8.015177794348945,2.5752399758066617e-17,1.1661939838721826e-18,22.08243235191405,G395M,39.75968319118264,75.7118492084055,312.3608882572871,False,G395M,5.771356300325268e-18,3.020844480527268e-19,19.10510897706961,G235H,G395M,False,PRIMER+MINERVA total,2.5752399758066617e-17,1.1661939838721826e-18,1.368876498726404,sample_median,3.525185481462492e-17,1.4046746107259454e-17,4.60405179668293,0.4064738473727666,0.4064738473727666,0.6516659383372195,1.3514240701674958,1.2827452872988001e-16,1.0283108176822502e-16,1.0066252941473104e-15,8.228196373617543e-17,balmer,slitcorr,,,,,,,,,,,,,,,,,3.4899060755399622,z_sys,0.0,3.4899060755399622
33361,150.1186814,2.31445494,True,1,1,1,0,3.4883,3.4882,3.4877,,3.488066666666666,1,0,0,0,True,3.48937394450284,1.7831119190409698e-05,421.7183045450155,OIII,G235H,a,3.4882,3.48937394450284,z_sys,3.48937394450284,1.7831119190409698e-05,421.7183045450155,3.488010566601944,1.921032258633512e-05,140.56697258231588,7.45416116550701,5463.061,True,False,-0.1,-0.1,True,1.0,ok,3.494148987201645,0.0003350780156446,obs,5463.402099271424,236.79410969271927,29.23059411561493,29.40491148602545,232.54519353759235,48.57388577590528,283.3253580380621,40.61981417589644,151.7601112866685,True,0.0,4.680741190973609,False,500.0,2.3679410969271926e-18,2.9404911486025447e-19,318.8689125535089,22.407577570844342,22.37591770559926,1.190730626823709,318.8689125535089,289.75327235243066,gold,0.0,True,True,True,True,True,True,a,gold,,-19.4690195238084,0.1805402985460746,26.32000705532127,-1.6899401702115109,0.4453747704234131,107.65232820596228,3,F814W;F090W;F115W,ok,True,True,3.48937394450284,z_sys_OIII,38636.0,0.0111830342944362,1,0.0,False,0.0,False,0.3,2.0374545045255883,3.5512382984161377,9.301087919913078,7.456099901538053e-18,1.7336856515982013e-19,43.007219299903845,G235M,127.60543071261836,6.052331245294075,223.38590473140655,False,G235M,1.8885470342587205e-18,1.2527217405182481e-19,15.075550883929203,G235H,G235M,True,PRIMER+MINERVA total,7.456099901538053e-18,1.7336856515982013e-19,1.1923980144607165,direct,8.890638718214719e-18,5.230156222510187e-19,3.6198472297733817,0.2011475430077721,0.0634094458851589,0.0658544179795635,0.6687653659214672,1.6440285647355005e-17,3.117122729835552e-18,3.990121910783714e-18,1.3773643411475368e-17,balmer,observed_same_grating,,,,,,,,,,,,,,,,,3.48937394450284,z_sys,0.0,3.48937394450284
35799,150.15714098,2.32275712,True,0,1,0,1,,3.1843,,3.1943,3.1893,1,0,0,0,True,3.1854478218927573,0.0003280126131134,16.433468526111554,OIII,G235H,a,3.1843,3.1854478218927573,z_sys,3.1854478218927573,0.0003280126131134,16.433468526111554,,,,6.942294940848331,5088.061,True,False,-0.2,-0.2,True,1.0,ok,3.18676572446808,0.00139816690806,obs,5089.725488264111,812.0654217603712,99.89877329580274,100.402459207968,1102.2711429451613,180.873355758854,1115.1524944848395,178.5299579533352,169.31144926840363,True,0.0,0.0154255237831193,False,500.0,8.120654217603712e-18,1.00402459207968e-18,94.39784445379964,102.86599978166242,100.14696441061196,23.494668127483543,94.39784445379964,94.32930727759074,gold,0.0,True,True,True,True,True,True,b,gold,,-19.074389576979584,0.2082164931546848,26.553853055349634,-2.578134108375548,0.4320389391710602,86.79306530192704,3,F814W;F090W;F115W,ok,True,True,3.1854478218927573,z_sys_OIII,41599.0,0.0160055655172709,1,0.0,False,0.0,False,0.3,2.229321890269598,3.064467191696167,8.539172780492313,2.4035971922238973e-18,1.1569630806753084e-18,2.0775055249135,G235H,,,,,,1.838447022001015e-18,1.7210271029504908e-18,1.0682266530545756,G235H,G235H,True,PRIMER+MINERVA total,2.4035971922238973e-18,1.1569630806753084e-18,1.368876498726404,sample_median,3.290227708840064e-18,2.050581994181741e-18,,,,,,,,,,,,,,,,,,,,,,,,,,,,3.1854478218927573,z_sys,0.0,3.1854478218927573
38195,150.17782381,2.33052473,True,0,1,0,0,,3.181,,,3.181,1,0,0,0,True,3.182307796631096,0.0002971215556827,13.582940737941282,OIII,G235H,a,3.181,3.182307796631096,z_sys,3.182307796631096,0.0002971215556827,13.582940737941282,,,,3.580981185347554,5093.061,False,False,-1.1102230246251563e-16,0.0999999999999998,True,1.0,ok,3.188497277767148,0.0008759304631324,obs,5091.830485663189,206.5808965950206,53.27377060557093,61.485330083598896,314.6552561605114,212.78465187902827,369.9151708977989,194.02513090944583,169.21407297026374,True,0.038,14.998913316031516,True,500.0,2.0658089659502057e-18,6.148533008359889e-19,443.66886746506464,66.3015531808308,62.78766636713496,21.29800240303964,443.66886746506464,369.2738176104844,gold,0.0,True,True,True,True,True,True,b,gold,,-18.279009883459896,0.4211886234507922,27.34747820182723,-1.509116210685534,0.8287637583078556,41.78640105383582,3,F814W;F090W;F115W,ok,True,False,3.182307796631096,z_sys_OIII,44399.0,0.0422333355923843,1,0.0,False,0.0,False,0.3,2.190858960854817,3.272812843322753,8.844614420238,9.733859580298737e-19,6.573685854355972e-19,1.4807308709236104,G235H,,,,,,1.3447031946347392e-18,6.242443453168555e-19,2.154129556355358,G235H,G235H,True,PRIMER+MINERVA total,9.733859580298737e-19,6.573685854355972e-19,1.368876498726404,sample_median,1.33244516213738e-18,1.043069955004928e-18,,,,,,,,,,,,,,,,,,,,,,,,,,,,3.182307796631096,z_sys,0.0,3.182307796631096
41512,150.18112364,2.34183465,True,0,1,0,0,,2.9617,,,2.9617,1,0,0,0,True,2.961675443741489,0.0001178754292266,58.795373633356405,Ha,G235H,b,2.9617,2.961675443741489,z_sys,,,,2.961675443741489,0.0001178754292266,58.795373633356405,6.465591431622585,4825.061,True,False,-0.1,-0.1,True,1.0,ok,2.9696852162949368,0.0009520303410713,obs,4825.827226893266,448.4747235690562,72.52043936417836,68.65267393579683,662.90474844928,142.81110464264754,687.7620706807216,135.85859705671115,183.9532971135096,True,0.0,7.673101112591748e-06,False,500.0,4.484747235690562e-18,6.865267393579683e-19,606.1247156458752,72.59324822798798,72.04313429845095,8.920004974530007,606.1247156458752,606.0981621664004,silver,1.0,False,True,True,True,True,True,a,silver,,-19.759983869268407,0.189209401944719,25.73782961827538,-2.516207894860384,0.3602725626307158,184.03244734641171,3,F814W;F090W;F115W,ok,True,True,2.961675443741489,z_sys_Ha,48238.0,0.0415903025832427,1,0.0,False,0.0,False,0.3,2.471267670606825,3.011,8.712919787721669,3.1008250997691453e-17,1.780228665938756e-18,17.41812812644497,G235H,293.1188082168987,11.982854782698652,302.9111812709313,False,G235H,1.1126225987021626e-18,1.2134009036553949e-17,0.0916945582742162,G235H,G235H,True,PRIMER+MINERVA total,3.1008250997691453e-17,1.780228665938756e-18,1.368876498726404,sample_median,4.24464660573494e-17,1.6979771122272938e-17,,,,,,,,,,,,,,,,,,,,,,,,,,,,2.970282869536842,z_sys,651.351018750927,2.961675443741489
42751,150.13917181,2.34531086,True,0,1,0,1,,3.1834,,3.1837,3.18355,1,0,0,0,True,3.184537811382972,1.833526303364173e-05,320.21268993946256,OIII,G235H,a,3.1834,3.184537811382972,z_sys,3.184537811382972,1.833526303364173e-05,320.21268993946256,,,,32.317050450093795,5091.061,True,True,-1.1102230246251563e-16,0.0999999999999998,True,1.0,ok,3.187410764941423,0.0001295232538717,obs,5090.50964461634,1667.280252574233,48.43652398161946,49.11879282747324,420.470360937059,17.13224136828753,466.9520347769204,15.685365164543454,169.30538951111413,True,0.0,14.99999999999996,True,500.0,1.6672802525742327e-17,4.911879282747324e-19,205.82674785848693,9.371937162886,9.279422578218208,1.3135915651136942,205.82674785848693,128.8029413474177,gold,0.0,True,True,True,True,True,True,a,gold,,-21.02510274071797,0.0899219821851797,24.602631616706468,-1.715202592434086,0.1910916817597472,523.5686114895236,3,F814W;F090W;F115W,ok,True,True,3.184537811382972,z_sys_OIII,49482.0,0.0322349307083631,1,0.0,False,0.0,False,0.5,1.6522788967757494,3.215381383895874,9.397083356003511,,,,,,,,,,6.3394978606223915e-18,7.846254902651039e-19,8.079648111458175,G235H,,False,PRIMER+MINERVA total,,,,,,,,,,,,,,,,,,,,,,,,,,,,,,,,,,3.184537811382972,z_sys,0.0,3.184537811382972
43604,150.10372593,2.34859301,False,1,1,1,0,3.0017,3.0,3.0025,,3.0014,1,0,2,0,True,3.0026473378211547,0.0001565294105892,48.2076752843826,OIII,G235M,a,3.0017,3.0026473378211547,z_sys,3.0026473378211547,0.0001565294105892,48.2076752843826,3.0014995064540093,0.000230268917011,21.29961962292096,3.766799288729469,4870.061,False,False,-0.3,-0.2,True,1.0,ok,3.007308893722876,0.0010248314615026,obs,4871.565202832088,182.14445275946943,48.26090320507325,52.844599609001335,362.9637326010269,204.27356285452024,405.7559531566101,181.2501287287638,181.3318664764348,True,0.052,0.8691385647924451,False,500.0,1.8214445275946942e-18,5.284459960900133e-19,349.1437501066764,77.64855210289262,76.75838437638662,11.723824956153118,349.1437501066764,347.5869420218143,,,,,,,,,,,,-18.287457272640044,0.6136649250985036,27.23509078381033,0.1575515944911176,1.0123284537894135,46.34361796527171,3,F814W;F090W;F115W,ok,False,False,3.0026473378211547,z_sys_OIII,50914.0,0.2018127687126262,2,0.0,False,1.0,True,0.3,3.659611330326946,2.0451245307922363,9.101434963520768,2.1337703537813624e-18,3.3373221477605943e-19,6.3936601242201405,G235M,180.7201153554928,48.98347227397216,274.02100186959524,False,G235M,-4.3498321916079727e-17,2.7844658440028704e-15,-0.0156217832622244,G235M,G235M,True,PRIMER+MINERVA total,2.1337703537813624e-18,3.3373221477605943e-19,1.368876498726404,sample_median,2.920868090970432e-18,1.243304680952422e-18,,,,,,,,,,,,,,,,,,,,,,,,,,,,3.0026473378211547,z_sys,0.0,3.0026473378211547
43713,150.10372593,2.34859301,True,1,1,1,0,3.0017,3.0,3.0025,,3.0014,1,0,2,0,False,3.0026473378211547,0.0001565294105892,48.2076752843826,OIII,G235M,a,3.0017,3.0026473378211547,z_sys,3.0026473378211547,0.0001565294105892,48.2076752843826,3.0014995064540093,0.000230268917011,21.29961962292096,3.766799288729469,4870.061,False,False,-0.3,-0.2,True,1.0,ok,3.007308893722876,0.0009282973210418,obs,4871.565202832088,182.14445275946943,48.26090320507325,55.53656520272564,362.9637326010269,205.8207182609372,405.7559531566101,182.4356503719035,181.3318664764348,True,0.054,0.8691385647924451,False,500.0,1.8214445275946942e-18,5.553656520272564e-19,349.1437501066764,70.50962513658212,69.52811780351036,11.723824956153118,349.1437501066764,347.5869420218143,gold,0.0,True,True,True,True,True,True,a,gold,,-18.287457272640044,0.6136649250985036,27.23509078381033,0.1575515944911176,1.0123284537894135,46.34361796527171,3,F814W;F090W;F115W,ok,False,False,3.0026473378211547,z_sys_OIII,50914.0,0.2018127687126262,2,0.0,False,1.0,False,0.3,3.659611330326946,2.0451245307922363,9.101434963520768,2.1499504572421878e-18,3.399519222125057e-19,6.3242779839269225,G235M,180.7201153554928,48.98347227397216,274.02100186959524,False,G235M,7.582158900492742e-17,2.7634808530450413e-15,0.0274369872768905,G235M,G235M,True,PRIMER+MINERVA total,2.149950457242188e-18,3.399519222125057e-19,1.368876498726404,sample_median,2.943016654344917e-18,1.2545968060318345e-18,,,,,,,,,,,,,,,,,,,,,,,,,,,,3.0026473378211547,z_sys,0.0,3.0026473378211547
44980,150.07850493,2.35235787,True,1,1,0,1,5.2528,5.2574,,5.2545,5.2549,1,0,0,0,True,5.256126889924292,0.000161015077691,61.96920452823488,OIII,G395H,a,5.2545,5.256126889924292,z_sys,5.256126889924292,0.000161015077691,61.96920452823488,5.252581062419972,0.000128719086368,49.65881996347853,6.142586581025192,7610.061,True,False,-0.1,0.2999999999999998,True,1.0,ok,5.259530876423283,0.0007650403952495,obs,7609.523900541493,414.0899540309198,59.8719951383647,61.00808180230262,308.326470286954,71.85406957937285,329.2258660265484,68.02217741364434,96.66801515297983,True,0.0,14.999999999999998,True,500.0,4.140899540309198e-18,6.100808180230261e-19,163.1184113568714,37.46375678690456,36.66059601996255,7.715813116544701,163.1184113568714,120.56109826283628,gold,0.0,True,True,True,True,True,True,a,gold,,-21.03073552711091,0.0416733800469152,25.450020818248685,-1.320057424781936,0.0860289027886862,239.89319113969336,6,F090W;F115W;F140M;F150W;F162M;F182M,ok,True,True,5.256126889924292,z_sys_OIII,52345.0,0.0250112946658763,1,5.0,False,0.0,False,0.5,1.8135325035780283,5.277613162994385,9.48952534375879,1.082007560147702e-17,5.706325750640197e-19,18.961545614992467,G235M,230.1138777691251,13.303786963008244,244.2395123721824,False,G395H,2.5298437105786145e-18,4.676847949783119e-19,5.409292193679146,G235M,G235M,True,PRIMER+MINERVA total,1.082007560147702e-17,5.706325750640198e-19,1.4410656978729386,direct,1.5592439797680436e-17,1.4494414849672217e-18,4.281377888208501,0.3444402430440504,0.1557046395380538,0.1787224313234583,1.145177821876417,4.455723671009967e-17,1.746382197214481e-17,3.473383245557774e-17,3.108403753299541e-17,balmer,observed_same_grating,,,,,,,,,,,,,,,,,5.256126889924292,z_sys,0.0,5.256126889924292
45677,150.14141937,2.35503687,True,0,1,0,1,,3.7535,,3.7535,3.7535,1,0,0,0,True,3.754906389376436,2.0365067741070243e-05,306.9002933816503,OIII,G235H,a,3.7535,3.754906389376436,z_sys,3.754906389376436,2.0365067741070243e-05,306.9002933816503,3.753429507868189,6.291210096773855e-05,60.31423333849499,5.246657225870278,5785.061,False,False,-0.2,-1.1102230246251563e-16,True,1.0,ok,3.7588001080570894,0.0004508688363874,obs,5785.130527361762,148.90050359810897,25.93787754220471,28.107536851502307,209.57229939039783,79.21856391931381,260.99324497184006,66.87959855841794,139.11393758442807,True,0.014,14.999999999999831,True,500.0,1.4890050359810897e-18,2.8107536851502306e-19,245.49536803534613,28.45584725153065,28.42686388067977,1.2839987195273914,245.49536803534613,188.02507263602763,gold,0.0,True,True,True,True,True,True,a,gold,,-19.29572993788756,0.1306589064554423,26.620800118042407,-2.064482085140909,0.3066308500648139,81.6030143791989,4,F814W;F090W;F115W;F140M,ok,True,True,3.754906389376436,z_sys_OIII,53417.0,0.0163726368757378,1,5.0,False,0.0,False,0.3,1.9252824316074977,3.747278213500977,7.787494447866049,1.394817101743877e-17,9.027054477914641e-19,15.451519708409876,G395H,148.0267743135013,10.176439543203635,184.14884326373797,False,G395H,3.778263136572963e-18,6.565059811605612e-19,5.755108475773226,G235H,G395H,False,PRIMER+MINERVA total,1.394817101743877e-17,9.027054477914641e-19,1.368876498726404,sample_median,1.909332350598869e-17,7.659130204443232e-18,3.880681064179728,0.2605491068737974,0.2605491068737974,0.6527352601343104,0.8662607367380765,4.3649401185427625e-17,3.0734740825027256e-17,3.3735776672101877e-16,2.735269199747378e-17,balmer,slitcorr,,,,,,,,,,,,,,,,,3.754906389376436,z_sys,0.0,3.754906389376436
45963,150.08892598,2.35588338,True,0,1,0,1,,5.5194,,5.5168,5.5181,1,0,0,0,True,5.518194894913958,0.0001027554687987,92.65278554946494,OIII,G395H,a,5.5168,5.518194894913958,z_sys,5.518194894913958,0.0001027554687987,92.65278554946494,,,,3.3959374028523097,7955.061,False,False,-0.2,-0.1,True,0.0,dv_out_of_band,5.548405629837549,0.0019693148900757,obs,7960.700272024614,107.3134680020076,39.44600248685918,41.15515046128969,440.2097001124606,220.3049430890464,449.7642528775767,214.6574692956544,92.37939299562704,True,0.01,0.0005812240297757,False,500.0,1.073134680020076e-18,4.115515046128969e-19,1389.487523270698,90.69825295622384,90.57503818004312,4.726049935717858,1389.487523270698,1389.477311809546,silver,1.0,True,True,True,True,True,False,c,silver,,-20.02719697511695,0.0848539284844035,26.53255652592437,-1.5882471462703636,0.1693767583376703,88.51230254093409,5,F115W;F140M;F150W;F162M;F182M,ok,True,True,5.518194894913958,z_sys_OIII,53695.0,0.0485837293435571,1,5.0,False,0.0,False,0.3,1.9188537039857467,5.541008949279785,9.37104186479609,4.3042403588092585e-18,8.996758789817191e-19,4.7842122472828,G395H,,,,,,1.1230338443988334e-18,5.191105222636208e-19,2.163381006999741,G395H,G395H,True,PRIMER+MINERVA total,4.3042403588092585e-18,8.996758789817191e-19,1.0366753254137029,direct,4.4620997746273824e-18,1.5755851951535858e-18,,,,,,,,,,,,,,,,,,,,,,,,,,,,5.518194894913958,z_sys,0.0,5.518194894913958
46212,150.15073975,2.35677657,True,0,1,0,0,,3.3726,,,3.3726,1,0,0,0,True,3.37388307430417,3.873109752127111e-05,232.5293560553121,OIII,G235H,a,3.3726,3.37388307430417,z_sys,3.37388307430417,3.873109752127111e-05,232.5293560553121,,,,33.515138613622895,5319.061,True,True,0.0999999999999998,-1.1102230246251563e-16,True,1.0,ok,3.3748054044843023,0.0001498914902279,obs,5318.3196860694325,1946.591516899596,55.26311122896853,57.42008893223587,422.6196336828796,16.203580966434185,462.4446099319795,14.767080329464113,158.18557418795783,True,0.0,10.566439902902,False,500.0,1.946591516899596e-17,5.742008893223586e-19,63.21788376416715,10.611222380540315,10.27378590724077,2.654687089180312,63.21788376416715,6.430836867038539,gold,0.0,True,True,True,True,True,True,a,gold,,-20.002549734001345,0.0808401691071939,25.727399587494407,-1.858999206607389,0.1895875762360332,185.8088579130123,3,F814W;F090W;F115W,ok,True,True,3.37388307430417,z_sys_OIII,54019.0,0.0574630702587548,1,5.0,False,0.0,False,0.3,2.258264056020684,3.367027521133423,8.27177472207427,,,,,,,,,,4.4416404391507185e-18,7.708961173793123e-19,5.761658852622356,G235H,,False,PRIMER+MINERVA total,,,,,,,,,,,,,,,,,,,,,,,,,,,,,,,,,,3.37388307430417,z_sys,0.0,3.37388307430417
46887,150.0864819,2.359282,True,0,1,0,1,,3.3249,,3.3108,3.31785,1,0,0,0,True,3.324865792972356,0.0001536446454217,21.318469565956377,Ha,G235H,b,3.3249,3.324865792972356,z_sys,,,,3.324865792972356,0.0001536446454217,21.318469565956377,34.584149361955085,5261.061,True,True,-1.1102230246251563e-16,-1.1102230246251563e-16,True,1.0,ok,3.3282049945090764,8.584137573512463e-05,obs,5261.6689656748495,1455.048082231256,38.67401266001462,37.41835813782584,252.6609409058505,11.637367011298592,311.1412862560699,9.275477207387397,160.83319403662256,True,0.0,14.99999999999994,True,500.0,1.455048082231256e-17,3.741835813782584e-19,231.4678615177827,12.199910975251182,5.950380488465498,10.650389657028674,231.4678615177827,163.7404563982183,silver,1.0,False,True,True,True,True,True,a,silver,,-19.32862686270732,0.1111599921958135,26.375522985195,-2.2735815229399363,0.2543642171330064,102.28620241503994,3,F814W;F090W;F115W,ok,True,True,3.324865792972356,z_sys_Ha,55001.0,0.0741682804800389,1,5.0,False,0.0,False,0.3,2.204860775922932,3.306562900543213,7.49838117151027,7.25206156967911e-18,1.7402867656021043e-18,4.167164695509274,G235H,,,,,,3.0158442218471083e-18,1.1366001293283798e-18,2.653390707978521,G235H,G235H,True,PRIMER+MINERVA total,7.25206156967911e-18,1.7402867656021047e-18,0.0107591201536636,direct,7.802580178994403e-20,1.913262171579004e-20,,,,,,,,,,,,,,,,,,,,,,,,,,,,3.3249,z_dja,2.3711739020590787,3.324865792972356
46979,150.16877319,2.35900233,True,0,1,0,0,,3.4601,,,3.4601,1,0,0,0,True,3.4614588551795977,2.9228237109280546e-05,238.30312786257272,OIII,G235H,a,3.4601,3.4614588551795977,z_sys,3.4614588551795977,2.9228237109280546e-05,238.30312786257272,,,,23.50417053810447,5426.061,True,True,0.0999999999999998,-0.3,True,1.0,ok,3.464009491873969,0.0001961434550745,obs,5426.762418986428,806.2059981346935,33.3033903585152,33.18327721390584,326.94112615361064,20.198929608481905,364.07899835955,17.623347031868224,153.3540976668365,True,0.0,2.17463440715428,False,500.0,8.062059981346935e-18,3.3183277213905836e-19,171.3927369705124,13.325597967713737,13.180067423266603,1.964022381563641,171.3927369705124,162.9796073047923,gold,0.0,True,True,True,True,True,True,a,gold,,-21.094096938320064,0.0787427969113375,24.68086377688704,-2.00484187528783,0.194420854381639,487.1702261759904,3,F814W;F090W;F115W,ok,True,True,3.4614588551795977,z_sys_OIII,54440.0,0.0662459044814983,1,5.0,False,0.0,False,0.3,3.3570246953924383,3.4585161209106445,8.629954536074706,,,,,,,,,,9.082715079510889e-18,1.7404185778706095e-18,5.218695775256277,G235H,,False,PRIMER+MINERVA total,,,,,,,,,,,,,,,,,,,,,,,,,,,,,,,,,,3.4614588551795977,z_sys,0.0,3.4614588551795977
47137,150.13685254,2.35927325,True,0,1,0,1,,4.0384,,4.0387,4.038550000000001,1,0,0,0,True,4.038853297088122,8.340285377007043e-05,33.628279381601295,Ha,G395H,b,4.0387,4.038853297088122,z_sys,,,,4.038853297088122,8.340285377007043e-05,33.628279381601295,61.37322038770971,6130.061,True,True,-1.1102230246251563e-16,-1.1102230246251563e-16,True,1.0,ok,4.042882715542327,6.15131393022276e-05,obs,6130.4812308033415,2665.5830799027385,41.32536142204038,40.816804468914135,332.0981256453528,7.663635931005214,365.3205732861532,7.063587079537699,127.69359742421008,True,0.0,14.999999999999709,True,500.0,2.6655830799027384e-17,4.0816804468914135e-19,239.7349538624049,6.165796038624325,3.659796017750327,4.96215012856063,239.7349538624049,181.9237765193514,silver,1.0,False,True,True,True,True,True,a,silver,,-21.383085739169147,0.0615475225553204,24.658542111034063,-2.336093947988049,0.1230064579278908,497.289631754612,5,F814W;F090W;F115W;F140M;F150W,ok,True,True,4.038853297088122,z_sys_Ha,54890.0,0.064945098435715,1,5.0,False,0.0,False,0.3,2.791751688854464,4.108795642852783,8.390876787534198,1.1103104952097962e-17,8.958820965578285e-19,12.393489048121932,G395H,232.53895668502852,15.408135905171248,254.3538881790905,False,G395H,,,,,G395H,False,PRIMER+MINERVA total,1.1103104952097962e-17,8.958820965578285e-19,0.9649471952481632,direct,1.0713909982072921e-17,1.4434380993317261e-18,,,,,,,,,,,,,,,,,,,,,,,,,,,,4.0384,z_dja,-26.969439322774278,4.038853297088122
47218,150.12890046,2.36006372,True,0,1,0,1,,4.3907,,4.3904,4.390549999999999,1,0,0,0,True,4.391688730551099,7.29197288527793e-05,42.42474059412324,OIII,G235H,a,4.3907,4.391688730551099,z_sys,4.391688730551099,7.29197288527793e-05,42.42474059412324,4.3905566304436014,0.0002355828744305,19.28915418621548,3.4520984384402054,6570.061,False,False,-0.2,0.3999999999999998,True,1.0,ok,4.405075892879927,0.0010804794630789,obs,6570.788610697341,118.19159983812696,32.65404455242363,35.19146922067608,269.3119540588018,164.5545450714075,301.07251128518493,150.2238433348859,115.77730643142765,True,0.05,14.999999999999998,True,500.0,1.1819159983812695e-18,3.519146922067608e-19,744.3623882557215,60.214238226516045,60.07757684888367,4.054533902448367,744.3623882557215,692.3616770085288,gold,0.0,True,True,True,True,True,True,a,gold,,-20.11260169616633,0.0517128715598028,26.070793240696982,-1.644321181593575,0.1109586925030598,135.42815210681545,5,F814W;F090W;F115W;F140M;F150W,ok,True,True,4.391688730551099,z_sys_OIII,55154.0,0.0436591815040477,1,0.0,False,0.0,False,0.3,3.041183318169803,4.423,9.252042599581824,2.721832099969037e-18,5.558326725189648e-19,4.896855176997839,G395H,,,,,,8.579224340174112e-19,8.37819380073377e-19,1.0239944962150118,G235H,G395H,False,PRIMER+MINERVA total,2.721832099969037e-18,5.558326725189648e-19,1.368876498726404,sample_median,3.7258519951267516e-18,1.6596948958231909e-18,,,,,,,,,,,,,,,,,,,,,,,,,,,,4.391688730551099,z_sys,0.0,4.391688730551099
47283,150.13493486,2.36036375,True,0,1,0,1,,3.7543,,3.7543,3.7543,1,0,0,0,True,3.7556398181133535,5.426709278322896e-05,110.785938755298,OIII,G235H,a,3.7543,3.7556398181133535,z_sys,3.7556398181133535,5.426709278322896e-05,110.785938755298,3.754340642422472,0.0001158540092516,27.53742662773121,27.649845111477184,5782.061,True,True,-0.1,-1.1102230246251563e-16,True,1.0,ok,3.756536396625738,7.739653855698486e-05,obs,5782.378601286011,973.1739994172264,31.6650086600308,31.20858554569948,187.61054296614057,12.226109973638732,243.31057791177707,9.498048063124156,139.21412573986768,True,0.0,14.999999992792173,True,500.0,9.731739994172263e-18,3.120858554569948e-19,56.51972947867545,5.958850182101211,4.879027727523583,3.420962426976317,56.51972947867545,0.7397050343104216,gold,0.0,True,True,True,True,True,True,a,gold,,-18.73617569716138,0.1315040142856296,27.18069167959087,-1.4059103870128966,0.2694235158489818,48.72474524150808,4,F814W;F090W;F115W;F140M,ok,True,True,3.7556398181133535,z_sys_OIII,55366.0,0.1296652621052948,1,0.0,False,0.0,False,0.3,2.1129288194401714,3.7642996311187744,8.260884866742304,5.0655686217916006e-18,5.720595363299577e-19,8.854967534130635,G395H,157.2784707497915,20.293830220277503,191.6529580765492,False,G395H,9.914686790668798e-19,3.904820397174562e-19,2.5390890699717805,G235H,G395H,False,PRIMER+MINERVA total,5.065568621791601e-18,5.720595363299577e-19,1.368876498726404,sample_median,6.934137839056422e-18,2.854639416259777e-18,,,,,,,,,,,,,,,,,,,,,,,,,,,,3.7556398181133535,z_sys,0.0,3.7556398181133535
47549,150.09685526,2.36080843,True,1,1,1,1,3.2311,3.2319,3.2316,3.2319,3.231625,1,0,0,0,True,3.231870179898798,7.916418236246229e-05,77.94877812445543,OIII,G235M,a,3.2311,3.231870179898798,z_sys,3.231870179898798,7.916418236246229e-05,77.94877812445543,3.231895632919767,4.215589204194437e-05,303.0950935344742,2.7363052335471068,5140.061,False,False,-0.2,0.2999999999999998,True,1.0,ok,3.2312933770373364,0.0012368114014358,obs,5143.856419662979,77.9280611078015,30.601249452633223,38.52464802655948,126.8738523699224,283.5268067245623,218.18850826119305,251.2424603285532,166.62158717452718,True,0.42,14.99999999999997,True,500.0,7.792806110780149e-19,3.852464802655948e-19,-40.86163806260601,87.7969946067488,87.61769958825397,5.608117406042538,-40.86163806260601,-91.3415940022977,stone,3.0,True,False,True,False,False,True,b,stone,,-19.161953042628657,0.115339565738892,26.491993116093692,-0.2152386226052874,0.2492984223800808,91.8816958827168,3,F814W;F090W;F115W,ok,True,True,3.231870179898798,z_sys_OIII,55296.0,0.0623736763603198,1,0.0,False,0.0,False,0.5,1.291,3.102325201034545,10.13392624226642,3.6796546481923104e-17,8.226050610716917e-19,44.73172877636381,G235H,175.36721830802904,2.9542052747556324,189.1743361118542,False,G235H,7.681299050050756e-18,2.8695313261344813e-19,26.768479507760464,G235H,G235H,True,PRIMER+MINERVA total,3.6796546481923104e-17,8.226050610716917e-19,1.137834353114313,direct,4.186837466309973e-17,2.3092471115178085e-18,4.790554167036314,0.4403749335166488,0.0363354220014632,0.036904282165138,1.46413671851077,1.6131482581830474e-16,2.0510224535458544e-17,2.282820732267494e-17,1.4165533062231432e-16,balmer,observed_same_grating,,,,,,,,,,,,,,,,,3.231870179898798,z_sys,0.0,3.231870179898798
47664,150.13168715,2.36180535,True,1,1,1,0,3.5182,3.5179,3.5182,,3.5181000000000004,1,0,0,0,True,3.519489986483696,5.6957250207090605e-05,724.9760775798526,OIII,G235M,a,3.5182,3.519489986483696,z_sys,3.519489986483696,5.6957250207090605e-05,724.9760775798526,3.518266472333128,4.233749193920306e-05,218.8320019916937,7.114734180237074,5498.061,True,False,-1.1102230246251563e-16,-0.2,True,1.0,ok,3.5224225193285434,0.0004428082721846,obs,5497.773384072131,289.475626731024,38.07925524437698,39.87690171337561,299.7015253575696,68.3412159910566,346.8549645641577,60.7768633873722,150.30538213299803,True,0.0,14.999999999999998,True,500.0,2.8947562673102402e-18,3.9876901713375607e-19,194.5244335869209,29.614902185742828,29.372911708614787,3.778159502857944,194.5244335869209,128.1385254101619,gold,0.0,True,True,True,True,True,True,a,gold,,-20.18557336418788,0.075940176225187,25.618480047966717,-2.0091975992337483,0.1934942285800414,205.4159818551765,3,F814W;F090W;F115W,ok,True,True,3.519489986483696,z_sys_OIII,55850.0,0.013495898873967,1,5.0,False,0.0,False,0.3,2.213432578395335,3.5763373374938965,8.382066297818453,2.026123932882963e-17,4.671220189686489e-19,43.37461842103716,G235H,140.65214354967057,2.72965266994112,155.2692716970988,False,G235H,7.040935340504798e-18,2.2125640511979837e-19,31.822515315172524,G235H,G235H,True,PRIMER+MINERVA total,2.026123932882963e-17,4.671220189686489e-19,1.502746095782082,direct,3.0447498297105095e-17,2.1756225550683826e-18,2.8777470026287686,0.005281236880885,0.005281236880885,0.0331374638772102,0.0175587942181653,3.1670126360780865e-17,2.808038988738848e-18,3.74454411176643e-18,2.0684569573520746e-17,balmer,observed_same_grating,,,,,,,,,,,,,,,,,3.519489986483696,z_sys,0.0,3.519489986483696
47750,150.12949332,2.36170198,True,1,1,1,0,2.9869,2.9874,2.9875,,2.9872666666666667,1,0,0,0,True,2.988601484137201,1.210815772871726e-05,786.549843061541,OIII,G235H,a,2.9874,2.988601484137201,z_sys,2.988601484137201,1.210815772871726e-05,786.549843061541,2.987486560364225,2.4256483132486908e-05,493.7076598056868,3.676747004644051,4858.061,False,False,-1.1102230246251563e-16,0.2999999999999998,True,1.0,ok,2.994745764156653,0.0012224251318705,obs,4856.292583112319,220.1897392125688,56.86128504983975,66.5209958368296,485.4980862033164,307.5471355833721,531.5286558620164,291.8564112413485,182.19385505911143,True,0.0220440881763527,14.999999960435124,True,499.0,2.201897392125688e-18,6.652099583682959e-19,461.81821297453047,91.884790527621,91.88028346825568,0.9100769735407792,461.81821297453047,379.46871875057934,gold,0.0,True,True,True,True,True,True,a,gold,,-20.0099810617224,0.2082698314467664,25.50413272852479,-1.1008638456749884,0.4020250876770465,228.23022452545075,3,F814W;F090W;F115W,ok,True,True,2.988601484137201,z_sys_OIII,55585.0,0.0437607402786233,1,5.0,False,0.0,False,0.5,1.6761948075222115,3.209,9.071324490974094,2.1757390970889024e-17,3.093040493657924e-19,70.34305246084274,G235H,192.771095660171,2.184427889884405,207.15576126136844,False,G235H,5.0252282907628285e-18,1.8498565946850533e-19,27.165501937832087,G235H,G235H,True,PRIMER+MINERVA total,2.1757390970889024e-17,3.0930404936579242e-19,1.4723806159223898,direct,3.2035160718581825e-17,1.6853575906815076e-18,4.32760440893862,0.3536086570606502,0.032906308240621,0.0338172652443313,1.1756605096738713,9.454920361935948e-17,1.0537912321878105e-17,1.1937707019601097e-17,6.425212594026044e-17,balmer,observed_same_grating,,,,,,,,,,,,,,,,,2.988601484137201,z_sys,0.0,2.988601484137201
48086,150.08945162,2.36263139,True,0,1,0,0,,3.1601,,,3.1601,1,0,0,0,True,3.15968134676155,0.0001501390488859,14.625530300848329,Ha,G235H,b,3.1601,3.15968134676155,z_sys,,,,3.15968134676155,0.0001501390488859,14.625530300848329,2.5776604371298752,5125.061,False,False,-1.1102230246251563e-16,-0.4,True,0.0,dv_out_of_band,3.2167404892920084,0.0019581680717466,obs,5126.164910617616,107.7012322029541,46.33241797797586,57.73975927534347,467.39133727435984,396.0751571023865,497.31371601163727,367.14036637750974,167.43471616969734,True,0.148,0.0623635881680902,False,500.0,1.077012322029541e-18,5.773975927534347e-19,4112.310334515393,141.54138112065388,141.12716106561066,10.820673689903757,4112.310334515393,4111.717671153697,stone,4.0,False,True,False,True,False,False,d,stone,,-20.103262343117905,0.1569216653274479,25.510522045416074,-2.5977140475380534,0.3521027692629973,226.891084381664,3,F814W;F090W;F115W,ok,True,True,3.15968134676155,z_sys_Ha,55964.0,0.1403906321729858,1,0.0,False,0.0,False,0.3,4.880734260654124,3.1005353927612305,8.968485162445846,2.5210708338298014e-18,8.096937101308906e-19,3.1136104952850125,G235H,,,,,,8.786613355680577e-19,4.203296114398983e-19,2.0904102676898724,G235H,G235H,True,PRIMER+MINERVA total,2.5210708338298014e-18,8.096937101308907e-19,1.367422593046576,direct,3.447369216849641e-18,1.200651403259167e-18,,,,,,,,,,,,,,,,,,,,,,,,,,,,3.199436984326499,z_sys,2865.229163342534,3.15968134676155
48121,150.08045276,2.36277555,True,1,1,0,0,4.5155,4.5094,,,4.51245,1,0,0,0,True,4.517360727949767,0.0001488860668692,48.76769002424152,OIII,G235M,a,4.5155,4.517360727949767,z_sys,4.517360727949767,0.0001488860668692,48.76769002424152,4.515921138869523,9.823916093353416e-05,42.88149336654348,2.8176163580689297,6701.061,False,False,-0.2,-1.1102230246251563e-16,True,0.0,unresolved,4.513874881077067,0.0004000664133242,obs,6703.052276678958,73.12848400559393,17.95104245246005,19.759395521895,42.485919502263066,86.68399858325667,120.2292792145046,64.41433689847896,112.6748497118258,False,0.562,0.0021516856449527,False,500.0,7.312848400559393e-19,1.9759395521895e-19,-189.4076993886871,23.19463690425523,21.738091694119483,8.08990424036603,-189.4076993886871,-189.49035221555263,stone,3.0,True,False,True,False,False,True,c,stone,,-19.550783797350835,0.139258578189885,26.67990717360133,-0.5632295091051849,0.2499457933619167,77.27933557234923,6,F814W;F090W;F115W;F140M;F150W;F162M,ok,True,True,4.517360727949767,z_sys_OIII,56037.0,0.1202829381747894,1,0.0,False,0.0,False,0.5,2.431391691349277,4.414,10.016854928275157,1.6061373328170465e-17,7.66156133233361e-19,20.96357730687041,G235M,317.13593906262145,13.241687510570744,352.45817242425454,False,G235M,2.7009016796449632e-18,3.703195166823988e-19,7.29343595995608,G235M,G235M,True,PRIMER+MINERVA total,1.6061373328170465e-17,7.661561332333611e-19,1.287819628482314,direct,2.0684151832400238e-17,1.6788756399065452e-18,5.945719356568842,0.6248023664672258,0.1156598521428959,0.1333570677200021,2.07731189250921,1.3993082884120444e-16,4.417065218893286e-17,7.546473835106782e-17,1.0875789041541643e-16,balmer,observed_same_grating,,,,,,,,,,,,,,,,,4.517360727949767,z_sys,0.0,4.517360727949767
48256,150.12636853,2.36323366,True,0,1,0,1,,3.4833,,3.483,3.48315,1,0,0,0,True,3.4844627131972983,3.479354846268039e-05,113.3761854840682,OIII,G235H,a,3.4833,3.4844627131972983,z_sys,3.4844627131972983,3.479354846268039e-05,113.3761854840682,3.4832853808690185,4.072679211843114e-05,86.44187772707288,3.021882429264516,5451.061,False,False,0.3999999999999998,-0.3,True,1.0,ok,3.4836699935262,0.0034630856206073,obs,5450.663101029995,168.4944311592467,53.439220854925,73.84409229288656,1018.6271889869408,642.4680478591725,1038.7025469544078,629.456195387503,152.3477581602555,True,0.022,14.999999999999998,True,500.0,1.6849443115924668e-18,7.384409229288656e-19,-52.99439284089865,231.5236885169972,231.51200419416688,2.325996241527934,-52.99439284089865,-104.88882764775292,bronze,2.0,True,False,False,True,True,True,d,bronze,,-19.30732527297007,0.1410180465679159,26.479236274312488,-1.1626548840129705,0.3080154773631725,92.96762560007308,3,F814W;F090W;F115W,ok,True,True,3.4844627131972983,z_sys_OIII,56239.0,0.0243816679253535,1,0.0,False,0.0,False,0.3,3.7109502763276,3.447530031204224,9.597485135199978,5.18738983956773e-18,2.1626427756920541e-19,23.986346232829625,G235H,123.04103632139196,4.889405566118515,139.80092089788897,False,G235H,,,,,G235H,False,PRIMER+MINERVA total,5.18738983956773e-18,2.1626427756920541e-19,1.6233334744746293,direct,8.420863571719873e-18,5.842834141580967e-19,,,,,,,,,,,,,,,,,,,,,,,,,,,,3.4844627131972983,z_sys,0.0,3.4844627131972983
48586,150.17813124,2.36380974,True,0,1,0,0,,3.4584,,,3.4584,1,0,0,0,True,3.4596043884078185,6.598362804173489e-05,78.7754987579076,OIII,G235H,a,3.4584,3.4596043884078185,z_sys,3.4596043884078185,6.598362804173489e-05,78.7754987579076,,,,3.709787012743332,5438.061,False,False,-1.1102230246251563e-16,0.2999999999999998,True,1.0,ok,3.4743030750439123,0.0004282306828352,obs,5439.276019238633,158.12195055857345,35.16722091220094,35.99063416753387,147.56286335281763,107.3383883446969,213.39087374399367,80.68513443878938,152.78483428852772,True,0.242,1.4662697364405302,False,500.0,1.5812195055857344e-18,3.5990634167533866e-19,988.1045519330409,29.127110612688707,28.78738063221293,4.435683597811653,988.1045519330409,982.765488826952,silver,1.0,True,True,True,False,True,True,a,silver,,-19.78495092750049,0.1634865783530705,25.989070622587285,-1.6495171368447257,0.3786541494644156,146.01517721386406,3,F814W;F090W;F115W,ok,True,True,3.4596043884078185,z_sys_OIII,56292.0,0.0486777446126908,1,0.0,False,0.0,False,0.3,4.298705622593235,3.454394817352295,9.12033770544249,,,,,,,,,,4.8569708584037646e-18,1.1728610725808394e-18,4.141130583962661,G235H,,False,PRIMER+MINERVA total,,,,,,,,,,,,,,,,,,,,,,,,,,,,,,,,,,3.4596043884078185,z_sys,0.0,3.4596043884078185
48688,150.12781542,2.36512953,True,0,1,0,1,,4.387,,4.3877,4.38735,1,0,0,0,True,4.388786720901873,6.251263479347733e-05,67.69300376426644,OIII,G235H,a,4.387,4.388786720901873,z_sys,4.388786720901873,6.251263479347733e-05,67.69300376426644,4.387535869221133,0.0001155682368396,32.41090661366228,10.6086511999784,6553.061,True,True,-0.1,0.1999999999999998,True,1.0,ok,4.390669665635313,0.000237808983171,obs,6553.275392422882,322.9584495966722,26.17557226416169,25.39866193704277,210.79189001089915,23.482471786800303,249.1619945235612,20.283344663009604,116.19327857778282,True,0.0,14.999999999908168,True,500.0,3.2295844959667217e-18,2.539866193704277e-19,104.75319569182793,13.67940356837642,13.229942710997287,3.477743212233942,104.75319569182793,54.822920854082845,gold,0.0,True,True,True,True,True,True,a,gold,,-18.89143061584453,0.0838374032975416,27.29085348613319,-2.080409018928512,0.1858379248882027,44.02352910866624,5,F814W;F090W;F115W;F140M;F150W,ok,True,True,4.388786720901873,z_sys_OIII,57124.0,0.1153567761121332,1,5.0,False,0.0,False,0.3,1.6901420022519364,4.373866558074951,7.584923194674996,2.8035701858605684e-18,3.017677078517995e-19,9.290491039675535,G395H,71.44380613130528,16.09478931348931,119.7046807130415,False,G395H,2.1186952848910557e-18,6.865226155668805e-19,3.08612598747616,G235H,G395H,False,PRIMER+MINERVA total,2.8035701858605684e-18,3.017677078517995e-19,1.368876498726404,sample_median,3.837741339954548e-18,1.5744656682763725e-18,1.4160963960976132,0.0,0.0,0.1426286988103244,0.0,4.042648034332781e-18,1.6625905357654577e-18,3.4827243372385814e-18,2.819338436224531e-18,balmer,slitcorr,,,,,,,,,,,,,,,,,4.388786720901873,z_sys,0.0,4.388786720901873
48744,150.17846193,2.36498038,True,0,1,0,1,,3.4562,,3.4562,3.4562,1,0,0,0,True,3.4573448216184914,4.0351298783084896e-05,131.9836035140444,OIII,G235H,a,3.4562,3.4573448216184914,z_sys,3.4573448216184914,4.0351298783084896e-05,131.9836035140444,,,,3.336748447515665,5426.061,False,False,-0.1,-0.4,True,1.0,ok,3.465288464388053,0.0004335581099247,obs,5428.317227502625,130.9308445208456,46.61144770521783,34.41067921274265,130.26735602177325,110.55569467580384,200.6760563860267,80.93326221709917,153.2485323834644,True,0.312,3.723531915991731e-05,False,500.0,1.3093084452084559e-18,3.441067921274265e-19,534.2741669458915,29.28630790816061,29.160286372676087,2.7139509124360104,534.2741669458915,534.1989714781664,silver,1.0,True,True,True,False,True,True,a,silver,,-19.5851591201771,0.1496064647417321,26.18771730550417,-1.4135161645844836,0.3694255159360372,121.60161047501374,3,F814W;F090W;F115W,ok,True,True,3.4573448216184914,z_sys_OIII,56943.0,0.0273031504391898,1,0.0,False,0.0,False,0.3,1.9860419305415524,3.4494569301605225,8.912988413348982,,,,,,,,,,3.6764151058040664e-18,8.003541207248607e-19,4.59348557170472,G235H,,False,PRIMER+MINERVA total,,,,,,,,,,,,,,,,,,,,,,,,,,,,,,,,,,3.4573448216184914,z_sys,0.0,3.4573448216184914
49289,150.130085,2.36714937,True,0,1,0,0,,3.756,,,3.756,1,0,4,0,True,3.7572416830020936,2.545421646777606e-05,243.9711163689406,OIII,G235H,a,3.756,3.7572416830020936,z_sys,3.7572416830020936,2.545421646777606e-05,243.9711163689406,,,,10.125691689795202,5784.061,True,True,-0.1,0.2999999999999998,True,1.0,ok,3.75759969548349,0.0004561676848109,obs,5783.671221808415,441.7317035303632,41.4556872821426,43.919671293880334,416.6177748768587,55.74319144320597,449.1449377325137,52.24795560077128,139.17803747585106,True,0.0,14.999999999999998,True,500.0,4.4173170353036315e-18,4.391967129388033e-19,22.56127582837473,28.791551921486374,28.74683285027644,1.6040770324124196,22.56127582837473,-40.43098044086954,gold,0.0,True,True,True,True,True,True,b,gold,,-19.180043942896276,0.1883491632298314,26.73755989888193,-2.3457447944588727,0.4714599682274213,73.28283961943963,4,F814W;F090W;F115W;F140M,ok,True,True,3.7572416830020936,z_sys_OIII,57869.0,0.0609502867770671,2,0.0,False,1.0,False,0.3,2.73260221064668,3.761130571365357,7.668576415338908,,,,,,,,,,1.9486141013671733e-18,2.7122176817580744e-19,7.184578562676691,G235H,,False,PRIMER+MINERVA total,,,,,,,,,,,,,,,,,,,,,,,,,,,,,,,,,,3.7572416830020936,z_sys,0.0,3.7572416830020936
49296,150.130085,2.36714937,False,0,1,0,0,,3.756,,,3.756,1,0,4,0,False,3.7572416830020936,2.545421646777606e-05,243.9711163689406,OIII,G235H,a,3.756,3.7572416830020936,z_sys,3.7572416830020936,2.545421646777606e-05,243.9711163689406,,,,10.125691689795202,5784.061,True,True,-0.1,0.2999999999999998,True,1.0,ok,3.75759969548349,0.0004787920782597,obs,5783.671221808415,441.7317035303632,41.4556872821426,42.20384648931997,416.6177748768587,55.49600031967351,449.1449377325137,51.99989535820814,139.17803747585106,True,0.0,14.999999999999998,True,500.0,4.4173170353036315e-18,4.220384648931997e-19,22.56127582837473,30.2151887493738,30.17257973780784,1.6040770324124196,22.56127582837473,-40.43098044086954,,,,,,,,,,,,-19.180043942896276,0.1883491632298314,26.73755989888193,-2.3457447944588727,0.4714599682274213,73.28283961943963,4,F814W;F090W;F115W;F140M,ok,True,True,3.7572416830020936,z_sys_OIII,57869.0,0.0609502867770671,2,0.0,False,1.0,False,0.3,2.73260221064668,3.761130571365357,7.668576415338908,,,,,,,,,,1.956133931980904e-18,2.7484693550920284e-19,7.117175704931247,G235H,,False,PRIMER+MINERVA total,,,,,,,,,,,,,,,,,,,,,,,,,,,,,,,,,,3.7572416830020936,z_sys,0.0,3.7572416830020936
49726,150.17375136,2.36802878,True,0,1,0,0,,3.1699,,,3.1699,1,0,0,0,True,3.1711728991265264,7.590172737385874e-05,44.808907072430856,OIII,G235H,a,3.1699,3.1711728991265264,z_sys,3.1711728991265264,7.590172737385874e-05,44.808907072430856,,,,30.55899995568666,5077.061,True,True,0.1999999999999998,-0.2,True,1.0,ok,3.1759513501388312,0.0001392270116962,obs,5076.578777823273,1581.094247456957,48.48857684512832,44.48091465113875,396.9223912303195,16.665005144140185,443.6610397986881,15.08063681299192,170.028054164434,True,0.0,14.999999999999996,True,500.0,1.581094247456957e-17,4.448091465113875e-19,343.43902999356,11.396994611301643,10.006587850898974,5.455243876517324,343.43902999356,266.9339575075943,gold,0.0,True,True,True,True,True,True,a,gold,,-19.963888081708696,0.0915770448680818,25.656361655048546,-2.3888108445921,0.1935548347899403,198.3725549564336,3,F814W;F090W;F115W,ok,True,True,3.1711728991265264,z_sys_OIII,58169.0,0.0922639602887839,3,0.0,False,1.0,False,0.3,1.7667996406959667,3.037214517593384,8.374187302266355,,,,,,,,,,2.8416910318618738e-18,2.9085203873404522e-18,0.9770229028582856,G235H,,False,PRIMER+MINERVA total,,,,,,,,,,,,,,,,,,,,,,,,,,,,,,,,,,3.1711728991265264,z_sys,0.0,3.1711728991265264
49902,150.1401912,2.3688509,True,1,1,1,0,2.9612,2.9606,2.9607,,2.960833333333333,1,0,0,0,True,2.9618321363582,2.074018741653523e-05,351.9618689446096,OIII,G235H,a,2.9606,2.9618321363582,z_sys,2.9618321363582,2.074018741653523e-05,351.9618689446096,2.96072939309458,1.1315840083885791e-05,272.249455854196,31.3322952526851,4816.061,True,True,0.0999999999999998,-1.1102230246251563e-16,True,1.0,ok,2.962860597235294,9.486504625956596e-05,obs,4817.530742241031,1364.2595364959548,41.41493576195735,40.68245309290307,329.788491642967,15.961515078750894,377.7102010886443,13.741765478531857,184.46341572577865,True,0.0,0.0005973368581895,False,500.0,1.3642595364959547e-17,4.0682453092903067e-19,77.82379557965993,7.34800952290788,7.178452901990307,1.5694132287743152,77.82379557965993,77.77280260029144,gold,0.0,True,True,True,True,True,True,a,gold,,-18.3333190846001,0.1735362527460361,27.1645897663347,-1.3251953949833055,0.2962764279784814,49.45273807224192,3,F814W;F090W;F115W,ok,True,True,2.9618321363582,z_sys_OIII,58451.0,0.150488605990674,1,6.0,False,0.0,False,0.3,1.9284221462387667,2.969512462615967,8.324202110331226,6.341614432693536e-18,1.3485740917725662e-19,47.02459042764285,G235H,69.4259865153363,2.3462766732175484,103.24407299856614,False,G235H,2.55488849858725e-18,1.580339259544943e-19,16.166709035140514,G235H,G235H,True,PRIMER+MINERVA total,6.341614432693536e-18,1.3485740917725662e-19,1.5013974800945258,direct,9.521283928977149e-18,9.465831312861398e-19,2.485238427295047,0.0,0.0,0.0,0.0,9.555870692491253e-18,9.584340142559782e-19,9.492528726008264e-19,6.341219764366229e-18,balmer,observed_same_grating,,,,,,,,,,,,,,,,,2.9618321363582,z_sys,0.0,2.9618321363582
49939,150.15163784,2.3685633,True,0,1,0,0,,3.7488,,,3.7488,1,0,0,0,True,3.750372266997093,0.000196438673155,15.62765446040448,OIII,G235H,a,3.7488,3.750372266997093,z_sys,3.750372266997093,0.000196438673155,15.62765446040448,,,,3.2232118151009748,5777.061,False,False,0.2999999999999998,0.3999999999999998,True,1.0,ok,3.7539216717707697,0.0016125799202951,obs,5779.199958721572,173.35538840874514,53.80929184850547,61.1454995535113,462.5250621949194,272.33652467193804,482.9779851867949,256.6511580825695,139.31261123929707,True,0.052,0.0008125049358039,False,500.0,1.7335538840874513e-18,6.114549955351129e-19,224.00029339388183,102.52102279939662,101.7687185034688,12.39709845069119,224.00029339388183,223.97851895581107,gold,0.0,True,True,True,True,True,True,b,gold,,-19.432161607916843,0.0900124989793926,26.48228137645698,-0.8365814638007376,0.174649028796698,92.70724992661408,4,F814W;F090W;F115W;F140M,ok,True,True,3.750372266997093,z_sys_OIII,58164.0,0.0557507306922667,1,0.0,False,0.0,False,0.5,1.8757375108294068,3.7258388996124254,9.86717206348103,,,,,,,,,,6.719336076443473e-14,2.8728769892253708e-12,0.0233888749906247,G235H,,False,PRIMER+MINERVA total,,,,,,,,,,,,,,,,,,,,,,,,,,,,,,,,,,3.750372266997093,z_sys,0.0,3.750372266997093
50751,150.13823243,2.37150222,True,1,1,0,0,3.1591,3.1588,,,3.15895,1,0,0,0,True,3.159992468663634,4.534184821596724e-05,98.92988167647157,OIII,G235H,a,3.1588,3.159992468663634,z_sys,3.159992468663634,4.534184821596724e-05,98.92988167647157,3.1589038716066744,3.7633707185218775e-05,53.86855325893596,2.8175879196791813,5075.061,False,False,-1.1102230246251563e-16,0.3999999999999998,True,0.0,dv_out_of_band;unresolved,3.176672025527417,0.0003090548876417,obs,5077.454881272916,150.7207951512863,35.378452639393274,35.891304928792806,7.030039950241425,100.94783893534591,169.86108289776752,69.82797540764288,169.96167342209017,False,0.6639999999999999,14.993131305837112,True,500.0,1.507207951512863e-18,3.5891304928792804e-19,1202.022693120551,22.510653681852077,22.272233692957364,3.26758863851848,1202.022693120551,1198.5302268736173,stone,3.0,True,True,True,False,False,False,b,stone,,-18.55857002295833,0.1253793212617558,27.055389773728564,-1.7190118938526464,0.2376146582265705,54.68526731849733,3,F814W;F090W;F115W,ok,True,True,3.159992468663634,z_sys_OIII,59428.0,0.0135634340520465,1,0.0,False,0.0,False,0.3,1.506,3.1676287651062007,9.068824971864682,4.650904238386584e-18,3.186960212604699e-19,14.59354346499797,G235H,150.62171677214184,9.309046930958358,167.10022528189882,False,G235H,1.10212668690813e-18,1.851029868208368e-19,5.954126974595447,G235H,G235H,True,PRIMER+MINERVA total,4.650904238386584e-18,3.186960212604699e-19,0.3999065312423449,direct,1.8599269811134993e-18,1.6197454924357982e-19,4.218702600821596,0.3318500666420252,0.1467781973416843,0.1630959868668425,1.1033186283580014,5.136155908790582e-18,1.965466783184629e-18,3.622777917614153e-18,1.2947583450247669e-17,balmer,observed_same_grating,,,,,,,,,,,,,,,,,3.159992468663634,z_sys,0.0,3.159992468663634
50966,150.13748242,2.37177286,True,1,1,1,0,3.7145,3.7141,3.7138,,3.714133333333333,1,0,0,0,True,3.715756172445461,4.681425092102902e-05,176.58521429499203,OIII,G235M,a,3.7145,3.715756172445461,z_sys,3.715756172445461,4.681425092102902e-05,176.58521429499203,3.714337164917257,7.098312332126e-05,75.53507082532951,6.153353232639944,5736.061,True,False,-0.1,-1.1102230246251563e-16,True,1.0,ok,3.719411503536677,0.0003000272888321,obs,5737.246982504433,264.93766313438067,38.95263185837928,39.03832854501157,177.5637381514158,52.867863257184,226.29362458532668,39.941503786406656,140.83739769811675,True,0.022,2.551199817661643e-05,False,500.0,2.6493766313438064e-18,3.9038328545011563e-19,232.37857356632225,19.304276970422915,19.07348791941627,2.9760994504018465,232.37857356632225,232.32658301230583,gold,0.0,True,True,True,True,True,True,a,gold,,-19.99766370388063,0.1057185993304748,25.900746789600305,-1.7236680647058822,0.231040839173465,158.38991767327084,4,F814W;F090W;F115W;F140M,ok,True,True,3.715756172445461,z_sys_OIII,59323.0,0.0213682620366763,1,0.0,False,0.0,False,0.3,3.609591486101357,3.696704626083376,9.252458053603434,5.230303392775885e-18,2.165655581190951e-19,24.151132055354815,G235M,160.37411788403807,9.87727735891707,236.92820196696903,False,G235M,1.0122442172269532e-18,1.5674861127688296e-19,6.457755567855786,G235M,G235M,True,PRIMER+MINERVA total,5.230303392775885e-18,2.165655581190951e-19,2.1311339563753977,direct,1.1146477162490138e-17,1.7882765817783965e-18,5.16186044374572,0.5041067202288773,0.1252755036421001,0.1451078136555873,1.676028999291875,5.1688256980875944e-17,1.7926189125905982e-17,3.2080753304899627e-17,2.4550907035209388e-17,balmer,observed_same_grating,,,,,,,,,,,,,,,,,3.715756172445461,z_sys,0.0,3.715756172445461
50970,150.1869405,2.37225654,True,0,1,0,0,,3.0646,,,3.0646,1,0,0,0,True,3.0655103966160846,9.134226415702104e-05,40.233538663907474,OIII,G235H,a,3.0646,3.0655103966160846,z_sys,3.0655103966160846,9.134226415702104e-05,40.233538663907474,,,,13.131078957546372,4942.061,True,True,-0.2,0.0999999999999998,True,1.0,ok,3.06553132488592,0.0003108850968995,obs,4942.344465724067,670.9721870713149,49.82681691059931,50.4439422444655,383.7186797686698,44.1371869248897,433.3131328203047,39.498979717531576,177.29928650263375,True,0.0,7.812631923203493,False,500.0,6.7097218707131485e-18,5.044394224446549e-19,1.5432594787728646,23.893826270071628,22.924798675375385,6.735617233622473,1.5432594787728646,-50.88900462643424,gold,0.0,True,True,True,True,True,True,a,gold,,-19.650233811705014,0.0969285848872378,25.909499345344315,-1.705460385431014,0.1941457171918695,157.11820569090057,3,F814W;F090W;F115W,ok,True,True,3.0655103966160846,z_sys_OIII,59658.0,0.0285035071737794,1,0.0,False,0.0,False,0.3,2.841543050872476,3.132261037826538,8.891554240220525,,,,,,,,,,1.7813672169831985e-18,1.005737486434182e-18,1.7712049525955256,G235H,,False,PRIMER+MINERVA total,,,,,,,,,,,,,,,,,,,,,,,,,,,,,,,,,,3.0655103966160846,z_sys,0.0,3.0655103966160846
51240,150.11930817,2.37263394,True,0,1,0,1,,3.7177,,3.7177,3.7177,1,0,0,0,True,3.7190006042280377,8.57677311989299e-05,95.71856475812709,OIII,G235H,a,3.7177,3.7190006042280377,z_sys,3.7190006042280377,8.57677311989299e-05,95.71856475812709,3.717815100848788,6.245867018983176e-05,54.02977519153046,3.022674228561452,5755.061,False,False,-0.3,0.2999999999999998,True,1.0,ok,3.736602025709802,0.0007576356959162,obs,5758.144984594635,108.1250737181228,31.907710822830403,34.65281591426423,191.80963084868355,150.43067319857204,237.35825853933423,123.78554630093676,140.11393849011307,True,0.2019999999999999,0.9015304530455468,False,500.0,1.081250737181228e-18,3.4652815914264227e-19,1118.197231334171,48.43911652939998,48.13168859180809,5.448721267416894,1118.197231334171,1116.874154321693,gold,0.0,True,True,True,True,True,True,b,gold,,-19.0235796422164,0.069406214512864,26.87634097094317,-0.7554661520434252,0.1351032949854201,64.48962633124928,4,F814W;F090W;F115W;F140M,ok,True,True,3.7190006042280377,z_sys_OIII,59853.0,0.0570056727078314,1,56.0,False,0.0,False,0.3,1.7712869152834672,3.684,8.750288914454865,3.53067643738982e-17,1.9338758585597684e-18,18.25699628940634,G395H,219.9691177584069,9.86654489334185,246.11935410557143,False,G395H,9.561312643237332e-18,1.5094337782207681e-18,6.334370398486541,G235H,G395H,False,PRIMER+MINERVA total,3.53067643738982e-17,1.9338758585597684e-18,0.956799559203924,direct,3.378149658986261e-17,6.666291517173779e-18,2.7194230136821886,0.0,0.0,0.5901037681191765,0.0,3.941855972252471e-17,1.0786827365521339e-17,1.7754222714051861e-16,6.962163068140428e-17,balmer,slitcorr,,,,,,,,,,,,,,,,,3.7190006042280377,z_sys,0.0,3.7190006042280377
51579,150.10867511,2.37438616,True,0,1,0,1,,4.5219,,4.52,4.520949999999999,1,0,0,0,True,4.522096513814507,3.283737188762243e-05,156.67946093020075,OIII,G235H,a,4.5219,4.522096513814507,z_sys,4.522096513814507,3.283737188762243e-05,156.67946093020075,4.520456299481968,8.750246118811091e-05,52.471731521016,29.051020322992983,6718.061,True,True,-1.1102230246251563e-16,-0.1,True,1.0,ok,4.526811765775165,9.751599299881068e-05,obs,6718.779259299896,830.047115925264,26.540843672322094,27.57323169737124,199.44887921071657,10.507767723605426,237.0008055477702,8.877412219036263,112.34543309807675,True,0.0,14.999999999998506,True,500.0,8.30047115925264e-18,2.757323169737124e-19,255.9891830645828,5.586203362565218,5.294105085321995,1.782728064933838,255.9891830645828,207.7268987574883,gold,0.0,True,True,True,True,True,True,a,gold,,-19.86520237749647,0.0501707642858991,26.367240639816423,-2.070386500093084,0.1385663595459663,103.06945816870174,6,F814W;F090W;F115W;F140M;F150W;F162M,ok,True,True,4.522096513814507,z_sys_OIII,60484.0,0.0226399462318392,1,5.0,False,0.0,False,0.3,1.830112504465667,4.552195549011231,7.866477788400804,1.0616270521177557e-17,8.450830321219585e-19,12.562399335507502,G395H,100.66859585155947,10.37410838517726,137.45773734988933,False,G395H,3.680192633160244e-18,8.17398932635816e-19,4.502321309978904,G235H,G395H,False,PRIMER+MINERVA total,1.0616270521177557e-17,8.450830321219585e-19,0.3429572092963177,direct,3.6409265110778194e-18,9.243050150695556e-19,0.7532307433357756,0.0,0.0,0.0,0.0,3.6699368848691256e-18,9.46070839128838e-19,1.0786868078125693e-18,1.1582290474750949e-17,balmer,slitcorr,,,,,,,,,,,,,,,,,4.522096513814507,z_sys,0.0,4.522096513814507
52096,150.11244931,2.40521711,True,0,1,0,1,,3.5402,,3.5399,3.54005,0,0,0,0,False,3.541388778863777,3.7800855038501696e-05,182.887285341014,OIII,G235H,a,3.5402,3.541388778863777,z_sys,3.541388778863777,3.7800855038501696e-05,182.887285341014,3.539940122266142,7.380828876079895e-05,32.230899515088915,,,,,,,,,,,,,,,,,,,,,,,,,,,,,,,,,,,,,,,,,,,,,,-19.24706176046313,0.1640530993671206,26.567823477848137,-0.9739172282783572,0.3375398251438796,85.68343282641065,3,F814W;F090W;F115W,ok,True,True,3.541388778863777,z_sys_OIII,69871.0,0.0321198867057621,1,5.0,False,0.0,False,0.3,3.3814359106907026,3.568337202072144,8.418101160533462,2.3207897378403484e-17,1.6547121156400018e-18,14.025338401192066,G395H,142.43633442535076,13.132010930923451,183.00255402703252,False,G395H,7.428013924034345e-18,9.333586760152376e-19,7.958370254559114,G235H,G395H,False,PRIMER+MINERVA total,2.3207897378403484e-17,1.6547121156400018e-18,1.368876498726404,sample_median,3.176874530615065e-17,1.2779167920580893e-17,4.057198690822442,0.2985248045803506,0.2985248045803506,0.3718658118539443,0.9925204513390382,8.058534154407805e-17,6.040465186448804e-17,2.5299751520050293e-16,2.922823796090784e-17,balmer,slitcorr,,,,,,,,,,,,,,,,,,,,
53792,150.1042992,2.4005482,True,0,1,0,0,,3.2975,,,3.2975,0,0,0,0,False,3.2986394418425613,2.946723160854316e-05,148.0020951134113,OIII,G235H,a,3.2975,3.2986394418425613,z_sys,3.2986394418425613,2.946723160854316e-05,148.0020951134113,,,,,,,,,,,,,,,,,,,,,,,,,,,,,,,,,,,,,,,,,,,,,,,,,-19.45921875537473,0.1961352682832923,26.23094223299745,-2.625564720224933,0.4299733429732524,116.8555531969235,3,F814W;F090W;F115W,ok,True,True,3.2986394418425613,z_sys_OIII,68544.0,0.0558671417277846,1,5.0,False,0.0,False,0.3,1.745650086410984,3.286740303039551,8.43395719425472,,,,,,,,,,3.355389732365929e-18,7.001636395816542e-19,4.7922936049217935,G235H,,False,PRIMER+MINERVA total,,,,,,,,,,,,,,,,,,,,,,,,,,,,,,,,,,,,,
53892,150.11125223,2.39764132,True,1,1,0,1,3.6317,3.631,,3.631,3.631233333333333,0,0,0,0,False,3.6328490294062137,6.082616021228054e-05,353.63052346058265,OIII,G235M,a,3.6317,3.6328490294062137,z_sys,3.6328490294062137,6.082616021228054e-05,353.63052346058265,3.631279556736768,5.397969607790207e-05,158.98182715187227,,,,,,,,,,,,,,,,,,,,,,,,,,,,,,,,,,,,,,,,,,,,,,-20.439006658514625,0.0703074886032427,25.42027911441908,-1.8296487424244303,0.1903819282807577,246.5554478898645,3,F814W;F090W;F115W,ok,True,True,3.6328490294062137,z_sys_OIII,67660.0,0.0429067771631408,1,0.0,False,0.0,False,0.5,1.291,3.697354316711426,9.22292624226642,8.330641690277523e-18,2.3514602858333614e-19,35.42752450664984,G235M,87.82043001561647,18.28119603635711,142.7607145903445,False,G395H,2.4020602875149042e-18,1.6067649336426216e-19,14.94966835048675,G235M,G235M,True,PRIMER+MINERVA total,8.330641690277523e-18,2.3514602858333614e-19,1.051346995351071,direct,8.758395110419641e-18,5.180217481952373e-19,3.466332235115641,0.16415133183362,0.060645247695472,0.0638787222683877,0.545762199521201,1.4458528630842956e-17,2.6851203439664947e-18,3.512339800327883e-18,1.3780711448800136e-17,balmer,observed_same_grating,,,,,,,,,,,,,,,,,,,,
53947,150.10065358,2.39749726,True,1,1,0,1,3.5347,3.534,,3.534,3.534233333333333,1,2,0,0,False,3.5359099966434178,0.000120503908734,115.22642633959792,OIII,G235M,a,3.5347,3.5359099966434178,z_sys,3.5359099966434178,0.000120503908734,115.22642633959792,3.5345478828708057,7.457415200250498e-05,52.46886343330408,7.263444466943501,5521.061,True,False,0.0999999999999998,-0.1,True,1.0,ok,3.542882480398526,0.0009825235859957,obs,5522.645944946076,813.5737483693863,111.18426392653328,119.90197462199568,589.6186647642116,119.13542210787416,608.0699928806343,114.75850060190658,149.2423483403536,True,0.0,1.0699032842584852e-05,False,500.0,8.135737483693863e-18,1.1990197462199566e-18,460.8332274793312,65.42464047769408,64.93805236580866,7.964479679867315,460.8332274793312,460.8135265688158,gold,0.0,True,True,True,True,True,True,a,gold,,-19.538861803435232,0.0836173509906852,26.273320880299032,-1.9725445066859952,0.2177935120292099,112.38229501479836,3,F814W;F090W;F115W,ok,True,True,3.5359099966434178,z_sys_OIII,67456.0,0.0512660906336328,1,0.0,False,0.0,False,0.3,1.8303984555156327,3.584,8.830545640656789,4.026514985174215e-18,2.1386007085019268e-19,18.827801604885643,G235M,216.79681820048123,14.047742284429626,282.70308392737724,False,G235M,9.288779963636698e-19,1.6378734631948913e-19,5.671243946719603,G235M,G235M,True,PRIMER+MINERVA total,4.026514985174215e-18,2.1386007085019268e-19,4.348642698957752,direct,1.7509874992521828e-17,3.378974866134557e-18,4.361998550243194,0.3603669563320145,0.1488734666605546,0.1677569316049501,1.1981301676057412,5.188883530626826e-17,2.0981250917534085e-17,3.9716837291009703e-17,1.2043052599114393e-17,balmer,observed_same_grating,,,,,,,,,,,,,,,,,3.5359099966434178,z_sys,0.0,3.5359099966434178
54619,150.08799821,2.39507315,True,1,1,1,0,3.5326,3.5334,3.5326,,3.5328666666666666,0,0,0,0,False,3.534814878256964,6.08658561059752e-05,97.73323751066133,OIII,G235H,a,3.5334,3.534814878256964,z_sys,3.534814878256964,6.08658561059752e-05,97.73323751066133,3.532579873170328,0.0001008640936727,115.3283445697903,,,,,,,,,,,,,,,,,,,,,,,,,,,,,,,,,,,,,,,,,,,,,,-19.58232382992892,0.1520006504421919,26.229318065560697,-0.0844813289715186,0.305277309218116,117.03048980788698,3,F814W;F090W;F115W,ok,True,True,3.534814878256964,z_sys_OIII,66608.0,0.111767529856184,1,0.0,False,0.0,False,0.5,2.408834546379546,3.545,10.618806970997904,3.464764014655209e-17,1.1508650871057021e-18,30.10573570676912,G235M,246.21547472884123,8.873837527487746,305.8948168859032,False,G235M,6.6385125912006436e-18,5.03833960415096e-19,13.175992713415631,G235H,G235M,True,PRIMER+MINERVA total,3.464764014655209e-17,1.1508650871057021e-18,1.7958033388634922,direct,6.222034785891902e-17,3.863549850466792e-18,7.27886995030288,0.797515486594985,0.112659142371306,0.1273273502827857,2.651539900739051,7.148663072482393e-16,2.1573363553221398e-16,3.5248853435448715e-16,3.957627421843079e-16,balmer,observed_same_grating,,,,,,,,,,,,,,,,,,,,
58782,150.18008,2.37831,True,0,1,0,1,,4.9323,,4.9299,4.9311,1,0,0,0,True,,,,,,d,4.9299,4.9299,z_dja,,,,,,,27.595624946948146,7214.061,True,True,-0.1,-1.1102230246251563e-16,True,1.0,ok,4.9343613735177705,0.0002342614642911,obs,7214.225090944348,757.6274494032323,27.200066861531123,27.66913001354493,335.4592196053126,16.84973358540169,353.4549563145508,15.959574708783846,102.6798184608914,True,0.0,6.321586616257818,False,500.0,7.576274494032322e-18,2.766913001354493e-19,,,,,,,stone,3.0,False,False,False,True,True,True,d,stone,,-21.764672557991943,0.0486355158984515,24.611476573366872,-1.3999863019281624,0.1045109096814484,519.3206829612972,5,F090W;F115W;F140M;F150W;F162M,ok,True,True,4.9311,z_av,61302.0,0.0919156221881235,1,0.0,False,0.0,False,0.5,2.42463044439978,4.948447227478027,10.304645553994575,1.3023955473277217e-17,1.705172162160876e-18,7.637912324801642,G395H,496.91688892195606,43.63075317000246,504.423897321493,False,G395H,3.351666569976684e-18,1.8946879594321748e-18,1.7689807724228932,G395H,,,,,,,,,,,,,,,,,,,,,,,,,,,,,,,,,,,,,4.932169816765184,z_sys,114.75302235185339,
59457,150.13199753,2.37572923,True,1,1,1,0,2.9905,2.9907,2.9911,,2.990766666666666,1,0,0,0,True,2.9917631655753545,2.323069945714744e-05,306.95217595586644,OIII,G235H,a,2.9907,2.9917631655753545,z_sys,2.9917631655753545,2.323069945714744e-05,306.95217595586644,2.9907063817999933,5.039854045238956e-05,215.53456686786012,3.051642813532254,4856.061,False,False,-0.4,0.1999999999999998,True,0.0,unresolved,2.996601981107015,0.000279102622557,obs,4858.549130372365,132.41250784126171,27.502549822688,27.266373094457894,7.34679612529251,92.80085988488752,181.9234680729486,58.54448305269429,182.06038099510323,False,0.6819999999999999,14.999998761028015,True,500.0,1.324125078412617e-18,2.726637309445789e-19,363.40843428669103,21.033862199058447,20.961379165025956,1.7446898030869729,363.40843428669103,359.65113766855336,silver,1.0,True,True,True,False,True,True,a,silver,,-21.412765555402544,0.1005036751144021,24.10325084293202,-1.4108713454977622,0.193968501782566,829.3272043481209,3,F814W;F090W;F115W,ok,True,True,2.9917631655753545,z_sys_OIII,60480.0,0.0444183669956695,1,5.0,False,0.0,False,0.5,3.2567697483613784,3.1278767585754395,9.41378705529472,1.650198678276291e-17,5.845146981348752e-19,28.231944954368146,G235M,186.93818184509308,5.085894147363391,201.7153015492466,False,G235H,1.6145728958343862e-17,9.97647815956044e-19,16.183796225596346,G235H,G235H,True,PRIMER+MINERVA total,5.4676737079171664e-17,1.976469885362269e-18,1.368876498726404,sample_median,7.484570041472064e-17,2.975367972762032e-17,3.3865528944675263,0.1442726649713624,0.059364199082762,0.0618434518066035,0.4796705947251384,1.1436567995643507e-16,4.6086993657367385e-17,5.574840741401654e-17,8.56186046659855e-17,balmer,observed_same_grating,,,,,,,,,,,,,,,,,2.9917631655753545,z_sys,0.0,2.9917631655753545
70850,150.1316672,2.41095921,True,1,1,1,0,3.1881,3.1872,3.1881,,3.1878,0,0,0,0,False,3.1882568718281954,2.245428563352276e-05,170.96803518379562,OIII,G235H,a,3.1872,3.1882568718281954,z_sys,3.1882568718281954,2.245428563352276e-05,170.96803518379562,3.187658181602659,7.585101524205431e-05,44.711427272055296,,,,,,,,,,,,,,,,,,,,,,,,,,,,,,,,,,,,,,,,,,,,,,-19.305919835786824,0.137641412357175,26.32389067507308,-1.873562636055745,0.2834889774871123,107.2679495042162,3,F814W;F090W;F115W,ok,True,True,3.1882568718281954,z_sys_OIII,71518.0,0.0279998052957984,1,0.0,False,0.0,False,0.3,2.5623290557921217,3.16915249824524,9.287634901340851,3.6702846993229535e-18,1.712523777925702e-19,21.432021830193754,G235M,48.204836181245206,30.01015144636975,202.531027325484,False,G235M,8.955466180016345e-19,1.2636929755418632e-19,7.086742075286366,G235H,G235M,True,PRIMER+MINERVA total,3.6702846993229535e-18,1.712523777925702e-19,1.0999519157868412,direct,4.037136686503413e-18,2.9332092312563013e-19,3.860611902006771,0.2561225361891083,0.1793493799108186,0.2131956533214186,0.8515434942629398,8.836553729629974e-18,3.793310547087215e-18,8.312316089856189e-18,7.97209730163073e-18,balmer,observed_same_grating,,,,,,,,,,,,,,,,,,,,
71380,150.11484254,2.40937636,True,1,1,1,1,3.0398,3.0399,3.0409,3.038,3.03965,0,0,0,0,False,3.040884311204329,6.657090298644908e-05,45.99186324563701,OIII,G235H,a,3.0399,3.040884311204329,z_sys,3.040884311204329,6.657090298644908e-05,45.99186324563701,3.039404694834479,0.0002741687630999,13.013572821049673,,,,,,,,,,,,,,,,,,,,,,,,,,,,,,,,,,,,,,,,,,,,,,-19.00396114911821,0.4835688702045863,26.541313318331184,-1.925935053644566,0.8986801440979468,87.8012950253255,3,F814W;F090W;F115W,ok,True,False,3.040884311204329,z_sys_OIII,71101.0,0.0415927458124983,1,0.0,False,0.0,False,0.3,2.701856686129979,3.163205385208129,8.773662309129534,1.0433736424091097e-17,1.812541696193317e-18,5.75641180890014,G235M,170.43796422965113,50.91597254767532,265.84599875511924,False,G235M,1.322217468437309e-17,5.915494674901274e-18,2.2351765001958626,G235M,G235M,True,PRIMER+MINERVA total,1.0433736424091097e-17,1.812541696193317e-18,1.368876498726404,sample_median,1.4282496584843972e-17,6.174676277745439e-18,,,,,,,,,,,,,,,,,,,,,,,,,,,,,,,
15748,150.14800788,2.25321232,True,1,0,1,0,5.5206,,5.5197,,5.52015,1,0,0,0,True,5.522639188529189,5.049910620984212e-05,417.4944105975211,OIII,G235M,a,5.5206,5.522639188529189,z_sys,5.522639188529189,5.049910620984212e-05,417.4944105975211,5.519636739738201,0.0001317220821623,88.64268616079039,3.614754666976647,7932.061,False,False,0.0999999999999998,0.0999999999999998,True,1.0,ok,5.526331707006664,0.0007658832479594,obs,7933.865666256791,203.06302737196464,54.953663518035945,57.84453624809954,144.2177473495649,105.17759766124634,178.39761110363943,94.5188478774382,92.69378370940524,True,0.062,14.999999571679798,True,500.0,2.030630273719646e-18,5.784453624809953e-19,169.714920383681,35.2778350351538,35.20139851527593,2.321031524183608,169.714920383681,131.00325892122652,gold,0.0,True,True,True,True,True,True,a,gold,,-18.364723605685576,0.2706606769430905,28.19633167905777,-1.302160638727026,0.536017366711265,19.1202504776905,5,F115W;F140M;F150W;F162M;F182M,ok,True,False,5.522639188529189,z_sys_OIII,18264.0,0.2524168527246659,1,5.0,False,0.0,False,0.3,1.506,5.505162715911865,8.099824971864681,3.2274640220446258e-18,1.7002400840567622e-19,18.982401675555828,G395M,118.42289538482336,19.24122608238412,243.4025648350686,False,G395M,1.5347795927125106e-18,1.472703137711776e-19,10.42151370097022,G235M,G395M,False,PRIMER+MINERVA total,3.2274640220446258e-18,1.7002400840567622e-19,0.8570480001733823,direct,2.766091585724888e-18,3.1323125132413067e-19,2.933277146426767,0.0215982241963482,0.0215982241963482,0.1415365543755213,0.0718087036607085,3.0208757091343883e-18,5.464086051114652e-19,1.8871686619408786e-18,3.22499929489626e-18,balmer,slitcorr,,,,,,,,,,,,,,,,,5.522639188529189,z_sys,0.0,5.522639188529189
16853,150.12717624,2.25733562,True,1,0,1,0,5.8612,,5.8589,,5.86005,1,0,0,0,True,5.861827553626734,0.0003794495584648,20.20123891186292,Ha,G235M,b,5.8612,5.861827553626734,z_sys,,,,5.861827553626734,0.0003794495584648,20.20123891186292,2.3710654510319307,8364.061,False,False,-0.4,-0.3,True,1.0,ok,5.880442481423018,0.0013752558677579,obs,8364.347511391521,141.7428862758662,44.89351102938072,45.5014924653856,234.9636851322018,157.9500544704451,257.2831236019004,148.499895747509,88.59172328532226,True,0.05,14.9999999999642,True,500.0,1.417428862758662e-18,4.55014924653856e-19,813.2840582085333,62.329875302333,60.084770966905495,16.578107644085676,813.2840582085333,773.3598623151064,bronze,2.0,False,True,True,True,False,True,b,bronze,,-20.089072369814136,0.1943678973189608,26.56789308409889,-1.7277240551034412,0.3686381936456615,85.67793986107485,6,F115W;F140M;F150W;F162M;F182M;F200W,ok,True,True,5.861827553626734,z_sys_Ha,19338.0,0.018073947881296,1,5.0,False,0.0,False,0.3,2.290718511464173,6.271944522857666,9.057971725405622,8.782064943906069e-18,1.197201022087441e-18,7.335497365842246,G235M,211.9114782587536,33.21635476685755,261.8358915071136,False,G235M,1.3807362703064564e-18,5.872442259929532e-19,2.351213020395069,G235M,G235M,True,PRIMER+MINERVA total,8.782064943906069e-18,1.197201022087441e-18,1.368876498726404,sample_median,1.2021562312002032e-17,5.033437270922116e-18,,,,,,,,,,,,,,,,,,,,,,,,,,,,5.862264361055884,z_sys,19.08406642900149,5.861827553626734
17086,150.14564003,2.25852728,True,1,0,1,0,5.5045,,5.5028,,5.50365,1,0,0,0,True,5.505161822211587,5.143555743487495e-05,489.9656488212775,OIII,G395M,a,5.5028,5.505161822211587,z_sys,5.505161822211587,5.143555743487495e-05,489.9656488212775,5.5026313296068645,0.0001457346274803,161.32453595111667,4.058620057731863,7939.061,False,False,-0.2,-0.4,True,0.0,dv_out_of_band,5.5321697975587885,0.0016519396415688,obs,7940.962857798293,198.1315672370527,60.365679019603405,60.3006883772851,391.7769468161961,161.76441168640275,402.53277343334486,155.84020085568997,92.5972543895666,True,0.004,0.0005622382874995,False,500.0,1.9813156723705268e-18,6.03006883772851e-19,1244.6711605689509,76.16705979148678,76.13016542072447,2.3704240745173246,1244.6711605689509,1244.6596707678998,silver,1.0,True,True,True,True,True,False,c,silver,,-18.124872993788312,0.3276046228419554,28.431055928570125,-1.7813458739969144,0.6814916928053462,15.402949001309072,5,F115W;F140M;F150W;F162M;F182M,ok,True,False,5.505161822211587,z_sys_OIII,19796.0,0.1047577666502469,1,561.0,True,0.0,False,0.3,1.506,6.804223537445068,7.593824971864682,4.078534207897169e-18,2.291325499782696e-19,17.799890099787078,G395M,,,197.855582209643,True,G395M,1.861115796582765e-18,1.2075964581459085e-19,15.411736131126466,G235M,G395M,True,PRIMER+MINERVA total,4.078534207897169e-18,2.291325499782696e-19,1.368876498726404,sample_median,5.5830096264421444e-18,2.232383420424708e-18,2.6030542578109896,0.0,0.0,0.0074244896974899,0.0,5.707982938786261e-18,2.1878341769722185e-18,2.3642403194073545e-18,4.1016211784459046e-18,balmer,observed_same_grating,,,,,,,,,,,,,,,,,5.505161822211587,z_sys,0.0,5.505161822211587
18866,150.13641485,2.26468424,True,1,0,1,0,3.2468,,3.2468,,3.2468,1,2,0,0,False,3.2474744585663524,1.987392299358979e-05,1737.058700040688,OIII,G235M,a,3.2468,3.2474744585663524,z_sys,3.2474744585663524,1.987392299358979e-05,1737.058700040688,3.246587670983284,4.589429650093132e-05,676.2537362200378,2.3296545804316,5172.061,False,False,-0.3,0.3999999999999998,True,1.0,ok,3.254845174965956,0.0021715372956863,obs,5172.487633850864,194.89483418029624,89.32434278991964,103.31618352804014,506.43180676418393,396.2565491348277,536.1381518611089,367.4278591992037,165.194654285877,True,0.144,2.9864626250663435,False,500.0,1.948948341802962e-18,1.0331618352804014e-18,520.2350733861463,153.27644070802856,153.2700219537527,1.4027282053067411,520.2350733861463,505.9789621642103,bronze,2.0,True,True,False,True,False,True,d,bronze,,-21.038507737330956,0.0867010304197874,24.623980586829354,-1.6707911441479255,0.1902659742273846,513.3741705513656,3,F814W;F090W;F115W,ok,True,True,3.2474744585663524,z_sys_OIII,21526.0,0.0236619049832191,1,5.0,False,0.0,False,0.5,2.0684074657465747,3.2745909690856934,9.065636096653064,3.618206364893645e-17,7.467398533417374e-19,48.45337166219,G395M,,,321.4509721076088,True,G395M,1.0270932904591861e-17,2.38719565888806e-19,43.025098786313954,G235M,G235M,True,PRIMER+MINERVA total,3.8498770541535585e-17,1.1879251989476228e-18,1.7655705437284228,direct,6.797229523789478e-17,4.012453757260599e-18,3.748125686407681,0.2308779080390068,0.0327175744335471,0.0328586818635538,0.7676114077462197,1.377155196287087e-16,1.7638139995798715e-17,1.982064155868108e-17,7.802257631213983e-17,balmer,observed_same_grating,,,,,,,,,,,,,,,,,3.2474744585663524,z_sys,0.0,3.2474744585663524
19650,150.1562164,2.26798208,True,1,0,1,0,3.1763,,3.1769,,3.1766,0,0,0,0,False,3.177518742814015,4.7085854745298215e-05,104.9461353830142,OIII,G235M,a,3.1763,3.177518742814015,z_sys,3.177518742814015,4.7085854745298215e-05,104.9461353830142,3.176691445033631,5.653113400306478e-05,62.69844841577907,,,,,,,,,,,,,,,,,,,,,,,,,,,,,,,,,,,,,,,,,,,,,,-19.39054387823776,0.2159062852072759,26.23326429425092,-1.9067318743664745,0.4512235562123214,116.6059015829722,3,F814W;F090W;F115W,ok,True,True,3.177518742814015,z_sys_OIII,22613.0,0.2154079128266372,1,5.0,False,0.0,False,0.3,2.42627264773498,3.269026279449463,8.75793960228222,2.3206223365599157e-18,1.1647957486516726e-19,19.9229979955386,G235M,97.6965356711337,17.431091910166682,220.1048867131963,False,G235M,5.883742478239503e-19,1.168774035293276e-19,5.034114636849473,G235M,G235M,True,PRIMER+MINERVA total,2.320622336559916e-18,1.1647957486516726e-19,1.5523153913878869,direct,3.602337770640478e-18,2.720838441186472e-19,3.956224890417738,0.2770086747251142,0.1617299644439584,0.1877630973373831,0.9209846908684522,8.43109369311784e-18,3.4270722047843057e-18,6.820603027905196e-18,5.353440165814201e-18,balmer,observed_same_grating,,,,,,,,,,,,,,,,,,,,
27014,150.08161579,2.29375541,True,1,0,1,0,5.7331,,5.7322,,5.73265,0,0,0,0,False,5.734293053574408,8.995040580371694e-05,616.5610539620261,OIII,G395M,a,5.7322,5.734293053574408,z_sys,5.734293053574408,8.995040580371694e-05,616.5610539620261,5.732797780137513,0.0001160527404914,133.56094969396008,,,,,,,,,,,,,,,,,,,,,,,,,,,,,,,,,,,,,,,,,,,,,,-20.42146604912168,0.0664328602256131,26.200212271265716,-1.4963366008635768,0.1264978401417742,120.2102057283086,6,F115W;F140M;F150W;F162M;F182M;F200W,ok,True,True,5.734293053574408,z_sys_OIII,31427.0,0.0421656048527035,1,5.0,False,0.0,False,0.5,1.291,5.742935180664063,8.51692624226642,1.6513541901915246e-17,6.292768307970594e-19,26.24209424808909,G395M,256.5939475861099,10.86023205452084,328.9519519825023,False,G395M,5.253497574756298e-18,2.4387956172569635e-19,21.541360569874943,G235M,G395M,True,PRIMER+MINERVA total,1.6513541901915246e-17,6.292768307970594e-19,1.370330404406232,direct,2.262900855263078e-17,1.6966895134982674e-18,2.298181169071808,0.0,0.0,0.0,0.0,2.257497324185857e-17,1.656713450796752e-18,1.7350743668493082e-18,1.6518562896754506e-17,balmer,observed_same_grating,,,,,,,,,,,,,,,,,,,,
28600,150.11119409,2.29841707,True,1,0,1,0,3.4865,,3.4859,,3.4862,1,0,0,0,True,3.487007543447717,7.697099468182251e-05,152.10680006251195,OIII,G235M,a,3.4865,3.487007543447717,z_sys,3.487007543447717,7.697099468182251e-05,152.10680006251195,3.4866214705079672,9.508262519054378e-05,64.6641563927095,2.7719583025638777,5476.061,False,False,0.1999999999999998,-1.1102230246251563e-16,True,1.0,ok,3.5041847556252064,0.0014118825145187,obs,5475.602281870895,123.19911467571129,42.1939561452182,54.20697887134623,266.9329474243342,294.9414523165649,317.32952768939646,272.30008596363245,151.23323830429598,True,0.126,14.999998961123742,True,500.0,1.2319911467571129e-18,5.420697887134623e-19,1147.668821684283,94.47282012436068,94.33274299992576,5.14269777060324,1147.668821684283,1082.8450160384064,silver,1.0,True,True,True,True,False,True,b,silver,,-20.064971106901265,0.076789167403396,25.722868245788938,-0.6913566863021986,0.1919092982840703,186.58595537535783,3,F814W;F090W;F115W,ok,True,True,3.487007543447717,z_sys_OIII,32907.0,0.0290874741984336,1,5.0,False,0.0,False,0.5,2.396417578018655,3.4477472305297847,9.880562496533628,1.3994558514143688e-17,6.189005783381529e-19,22.61196548195401,G235M,83.18014367223486,15.551642179764768,201.39136663659545,False,G235M,2.371306460125791e-18,8.15974590450433e-19,2.906103312379845,G235M,G235M,True,PRIMER+MINERVA total,1.3994558514143688e-17,6.189005783381529e-19,1.7032224604592852,direct,2.383584638550125e-17,1.8241360801632493e-18,,,,,,,,,,,,,,,,,,,,,,,,,,,,3.487007543447717,z_sys,0.0,3.487007543447717
42812,150.07954494,2.34553161,True,1,0,0,0,2.9904,,,,2.9904,1,0,0,0,True,2.9907673724368067,0.0001506410269415,31.56618383619059,Ha,G235M,b,2.9904,2.9907673724368067,z_sys,,,,2.9907673724368067,0.0001506410269415,31.56618383619059,3.05400755135056,4855.061,False,False,-0.3,-0.4,True,1.0,ok,2.9954974650620447,0.001488391727077,obs,4857.206403351976,133.81808010923172,48.728412657855664,59.1898704874642,426.3335420520172,436.1191280888476,463.32909841846833,412.3938025723041,182.1351417492978,True,0.134,0.0695589154779833,False,500.0,1.338180801092317e-18,5.91898704874642e-19,355.33168494908097,112.3814389291332,111.81022913265404,11.31638091820438,355.33168494908097,355.41254476513893,silver,1.0,False,True,True,True,True,True,c,silver,,-19.32929491841041,0.1740267249177074,26.186122496912077,-0.819322700824428,0.3210479752189136,121.7803590442617,3,F814W;F090W;F115W,ok,True,True,2.9907673724368067,z_sys_Ha,49622.0,0.0645670530345225,1,0.0,False,0.0,False,0.5,2.243541801335919,2.992348432540893,9.736934165654429,4.8311227314518815e-18,4.0525436037291794e-19,11.921210982174868,G235M,176.46182199066735,25.909237697813023,271.66351829686874,False,G235M,,,,,G235M,False,PRIMER+MINERVA total,4.8311227314518815e-18,4.0525436037291794e-19,1.6014957497357334,direct,7.737022520871875e-18,7.762602113960155e-19,,,,,,,,,,,,,,,,,,,,,,,,,,,,2.9904,z_dja,-27.597570981548856,2.9907673724368067
42990,150.11015839,2.34666959,False,1,0,1,0,3.5202,,3.5196,,3.5199,1,0,3,0,True,3.521121896921187,0.0001198305767379,56.78423482865562,OIII,G235M,a,3.5202,3.521121896921187,z_sys,3.521121896921187,0.0001198305767379,56.78423482865562,3.5199413481112085,9.03598829761842e-05,28.943225480741937,2.0551295140717163,5507.061,False,False,-1.1102230246251563e-16,-0.3,True,1.0,ok,3.5305323701508966,0.000937890384489,obs,5507.632286421341,96.38976330261768,35.170448255193925,42.23164712935226,145.73850026332195,247.23643160184787,218.08718651611903,221.9898996996025,149.88722429354482,True,0.298,14.999999990859871,True,500.0,9.638976330261768e-19,4.223164712935226e-19,624.0019545588923,62.69641334719784,62.190861054199054,7.945882451936664,624.0019545588923,572.1448863066333,,,,,,,,,,,,-20.48411251688571,0.0754926599445534,25.32075082617141,-2.0185923587904533,0.1923429933371703,270.22524448750346,3,F814W;F090W;F115W,ok,True,True,3.521121896921187,z_sys_OIII,50172.0,0.1290878179871384,2,0.0,False,1.0,False,0.3,3.3125473370265497,3.727627038955688,9.11716209315242,5.0257020904970576e-18,4.096320026557605e-19,12.268821913117147,G235M,38.23717697899012,54.13152292818555,186.0083091531545,False,G235M,1.4185404602764737e-18,5.300182114896452e-19,2.6763994699155496,G235M,G235M,True,PRIMER+MINERVA total,5.0257020904970576e-18,4.096320026557605e-19,1.368876498726404,sample_median,6.879565481281582e-18,2.780652913316576e-18,,,,,,,,,,,,,,,,,,,,,,,,,,,,3.521121896921187,z_sys,0.0,3.521121896921187
43129,150.11015839,2.34666959,True,1,0,1,0,3.5202,,3.5196,,3.5199,1,0,3,0,False,3.521121896921187,0.0001198305767379,56.78423482865562,OIII,G235M,a,3.5202,3.521121896921187,z_sys,3.521121896921187,0.0001198305767379,56.78423482865562,3.5199413481112085,9.03598829761842e-05,28.943225480741937,2.0551295140717163,5507.061,False,False,-1.1102230246251563e-16,-0.3,True,1.0,ok,3.5305323701508966,0.0008529679116568,obs,5507.632286421341,96.38976330261768,35.170448255193925,41.70454341492214,145.73850026332195,230.0904035535657,218.08718651611903,201.9072383869443,149.88722429354482,True,0.3,14.999999990859871,True,500.0,9.638976330261768e-19,4.170454341492214e-19,624.0019545588923,57.11512873091784,56.5597107666696,7.945882451936664,624.0019545588923,572.1448863066333,bronze,2.0,True,True,True,False,False,True,b,bronze,,-20.48411251688571,0.0754926599445534,25.32075082617141,-2.0185923587904533,0.1923429933371703,270.22524448750346,3,F814W;F090W;F115W,ok,True,True,3.521121896921187,z_sys_OIII,50172.0,0.1290878179871384,2,0.0,False,1.0,False,0.3,3.3125473370265497,3.727627038955688,9.11716209315242,5.037025320484746e-18,4.069187627434964e-19,12.378454329617291,G235M,38.23717697899012,54.13152292818555,186.0083091531545,False,G235M,1.4374586497795584e-18,4.881318828021876e-19,2.944816145849009,G235M,G235M,True,PRIMER+MINERVA total,5.0370253204847464e-18,4.069187627434964e-19,1.368876498726404,sample_median,6.8950655847014016e-18,2.785918432891046e-18,,,,,,,,,,,,,,,,,,,,,,,,,,,,3.521121896921187,z_sys,0.0,3.521121896921187
43683,150.08969066,2.34853549,True,1,0,0,0,3.5249,,,,3.5249,1,0,0,0,True,3.52606261544765,5.2879688536816815e-05,138.18765234199736,OIII,G235M,a,3.5249,3.52606261544765,z_sys,3.52606261544765,5.2879688536816815e-05,138.18765234199736,3.524606491360293,4.2454598937799696e-05,66.45336968717369,13.16987088522881,5504.061,True,True,-1.1102230246251563e-16,0.0999999999999998,True,1.0,ok,3.527919985850104,0.0004985322897973,obs,5504.456489198396,479.81008842883017,36.2510708698434,34.7038225460248,440.4542065419831,46.75283636845736,468.7373466942438,43.49333690659216,150.06003139995804,True,0.0,3.670215567851312,False,500.0,4.798100884288302e-18,3.47038225460248e-19,123.02649911815378,33.20648602638746,33.02124456709906,3.5025878233809635,123.02649911815378,105.35789642042504,gold,0.0,True,True,True,True,True,True,a,gold,,-19.938181791625013,0.0758545017330533,25.869130975719816,-1.908853272048568,0.194076729018269,163.0699201815558,3,F814W;F090W;F115W,ok,True,True,3.52606261544765,z_sys_OIII,50880.0,0.0268353980743724,1,0.0,False,0.0,False,0.3,2.0545756185072155,3.5684118270874023,9.148722130069078,4.8378499826715524e-18,1.8939532641020725e-19,25.54366084088769,G235M,83.17282682780855,13.81752061105377,199.9627823147777,False,G235M,1.0700717752818094e-18,1.8715368647510652e-19,5.71760992495406,G235M,G235M,True,PRIMER+MINERVA total,4.8378499826715524e-18,1.8939532641020725e-19,1.3518410331551856,direct,6.540004118824508e-18,4.771808738536502e-19,4.524134168448899,0.3915245915032018,0.1409352678333343,0.1628596278188703,1.3017215263413608,2.1633896387895728e-17,7.837263007766504e-18,1.4577382131698122e-17,1.590865696191909e-17,balmer,observed_same_grating,,,,,,,,,,,,,,,,,3.52606261544765,z_sys,0.0,3.52606261544765
44361,150.07672123,2.35092093,True,1,0,0,0,5.1308,,,,5.1308,1,0,0,0,True,5.132260396411653,9.481866492858844e-05,51.55502046363567,OIII,G235M,a,5.1308,5.132260396411653,z_sys,5.132260396411653,9.481866492858844e-05,51.55502046363567,5.130521783494298,0.0003397032116955,26.404486750696293,15.347033798550598,7455.061,True,True,-1.1102230246251563e-16,0.0999999999999998,True,1.0,ok,5.133193543721523,0.0001340330750284,obs,7455.939395295944,402.3647698001093,23.590207273725213,23.686413648779908,147.65288539227925,15.408830870363158,184.6922726387396,12.51896761640646,98.83124901270024,True,0.0,14.999999999999998,True,500.0,4.0236476980010926e-18,2.3686413648779907e-19,45.61947921612928,8.026447382510257,6.5525764430315725,4.635471879154642,45.61947921612928,5.0993556120847225,gold,0.0,True,True,True,True,True,True,a,gold,,-17.86871618781182,0.4381254163380889,28.573088354702488,-1.390294985254723,0.9923860501105192,13.514217586542271,5,F090W;F115W;F140M;F150W;F162M,ok,True,False,5.132260396411653,z_sys_OIII,51717.0,0.038137444061112,1,561.0,True,0.0,False,0.3,1.506,7.212168216705321,8.827824971864683,8.415203419764694e-18,5.558377367816617e-19,15.139676317209574,G235M,689.7507645066775,35.90399902113771,706.6878211778244,False,G235M,8.260445163277551e-19,1.402460325177887e-19,5.889967092102805,G235M,G235M,True,PRIMER+MINERVA total,8.415203419764694e-18,5.558377367816617e-19,1.368876498726404,sample_median,1.1519374193317957e-17,4.6234048343917e-18,10.216139758815483,1.086924200422741,0.1428645544599069,0.1709079479247588,3.6137516260714455,3.138156099713672e-16,1.5274388796410759e-16,2.9198946529954364e-16,2.350030966139198e-16,balmer,observed_same_grating,,,,,,,,,,,,,,,,,5.132260396411653,z_sys,0.0,5.132260396411653
45004,150.07857439,2.35233747,True,1,0,0,0,5.2528,,,,5.2528,1,0,0,0,True,5.254917580157724,0.0001244015258365,52.08147307779337,OIII,G235M,a,5.2528,5.254917580157724,z_sys,5.254917580157724,0.0001244015258365,52.08147307779337,5.252581062419972,0.000128719086368,49.65881996347853,5.957940172988147,7610.061,True,False,-0.2,0.3999999999999998,True,1.0,ok,5.259617432772929,0.0012095350740556,obs,7609.629124499067,448.48045257424366,65.95782996553449,72.6130183237474,424.9947933486666,100.87236787216273,442.1743987039692,97.85677297001862,96.67145468684684,True,0.0,14.999999999999998,True,500.0,4.484804525742436e-18,7.261301832374739e-19,225.25962168064365,58.27772032248174,57.971905823129454,5.962450940646034,225.25962168064365,185.28190418391844,gold,0.0,True,True,True,True,True,True,a,gold,,-19.539878342926283,0.2567277342197755,26.94050290679559,0.1042464894323875,0.4491522466797929,60.78901218389992,6,F090W;F115W;F140M;F150W;F162M;F182M,ok,True,True,5.254917580157724,z_sys_OIII,52330.0,0.1007719218742739,2,5.0,False,1.0,False,0.5,2.5794378397494406,5.3199639320373535,10.404525066545792,1.0797091883555365e-17,6.0256863194229e-19,17.91844332943876,G235M,207.92932314869904,12.58735142520196,258.6235930625644,False,G235M,2.536513831835571e-18,4.977762336196309e-19,5.095690915958463,G235M,G235M,True,PRIMER+MINERVA total,1.0797091883555365e-17,6.0256863194229e-19,1.368876498726404,sample_median,1.4779885333988542e-17,5.909012835791342e-18,4.249905913476169,0.3381413793566027,0.1631323786794935,0.1956470083546813,1.1242356725673268,4.00806117853926e-17,2.0263236711156454e-17,4.1428987066385076e-17,3.037086308375185e-17,balmer,observed_same_grating,,,,,,,,,,,,,,,,,5.254917580157724,z_sys,0.0,5.254917580157724
45443,150.12184196,2.35373748,True,1,0,0,0,3.3301,,,,3.3301,1,0,0,0,True,3.3314385002049782,5.8227065853986696e-05,89.4842526744704,OIII,G235M,a,3.3301,3.3314385002049782,z_sys,3.3314385002049782,5.8227065853986696e-05,89.4842526744704,3.329740489677987,8.612044652826431e-05,37.38303832426638,4.705459261184913,5266.061,False,False,-0.4,-0.3,True,1.0,ok,3.3316734940210564,0.0008763473420127,obs,5265.885516476578,205.4692100906932,41.19794716196107,45.37031454859464,416.1490534552339,157.99667158346978,457.84496633820754,147.6535960598737,160.63633495861723,True,0.002,14.999999999999998,True,500.0,2.054692100906932e-18,4.537031454859464e-19,16.26465981995114,60.78848861849939,60.6547510050809,4.030078043049315,16.26465981995114,-56.13637237110722,gold,0.0,True,True,True,True,True,True,b,gold,,-20.56871810224796,0.0829709359340408,25.138917156319632,-1.5435664450930482,0.1903398998689265,319.491557414024,3,F814W;F090W;F115W,ok,True,True,3.3314385002049782,z_sys_OIII,52848.0,0.0474911785542663,1,56.0,False,0.0,False,0.5,2.2629616582149907,3.2933099269866943,9.407677195683974,7.293098038702693e-18,3.68912578352173e-19,19.769176945060742,G235M,160.66475299163446,13.813101607673076,248.9481849581399,False,G235M,1.6929647382591045e-18,3.9117248385283047e-19,4.327923890720398,G235M,G235M,True,PRIMER+MINERVA total,7.293098038702693e-18,3.6891257835217303e-19,2.3435170311870657,direct,1.7091499463816745e-17,1.6971622584064e-18,4.303562424496953,0.3488525396305071,0.1801653266346168,0.2269991586607996,1.1598476065383243,4.968017394435938e-17,2.1641748185767516e-17,5.18764485486012e-17,2.146642813093352e-17,balmer,observed_same_grating,,,,,,,,,,,,,,,,,3.3314385002049782,z_sys,0.0,3.3314385002049782
46091,150.11782167,2.35541026,True,1,0,0,0,3.188,,,,3.188,1,0,0,0,True,3.1888448013842874,0.0001784968033316,40.90054854768093,OIII,G235M,a,3.188,3.1888448013842874,z_sys,3.1888448013842874,0.0001784968033316,40.90054854768093,3.1879720637052182,5.2623263382826414e-05,190.1953488248291,4.097456047535478,5109.061,False,False,-0.2,-1.1102230246251563e-16,True,1.0,ok,3.20356802066343,0.0009461735385767,obs,5110.151535679912,183.9853552227005,45.45384774308192,50.42147606794737,383.55295895278965,198.5834875777077,420.8976506298253,182.7958358891605,168.3190589804911,True,0.018,1.6028563001732086,False,500.0,1.8398535522270047e-18,5.042147606794737e-19,1053.7296812496934,68.9113893077216,67.71692537539873,12.774881370214253,1053.7296812496934,1047.830985015616,gold,0.0,True,True,True,True,True,True,a,gold,,-18.4291842428179,0.1427761238072038,27.20095421601552,0.4620903060833801,0.2673916642495637,47.82385297082919,3,F814W;F090W;F115W,ok,True,True,3.1888448013842874,z_sys_OIII,53171.0,0.052780707282027,1,0.0,False,0.0,False,0.5,1.291,2.971506595611572,10.30292624226642,2.3345569707306087e-17,7.014809802440542e-19,33.28040298282053,G235M,237.1700205110031,8.02783002374465,308.1208562427748,False,G235M,2.644416742727409e-18,2.720384253320523e-19,9.720747131584858,G235M,G235M,True,PRIMER+MINERVA total,2.334556970730609e-17,7.014809802440543e-19,1.6663863587008367,direct,3.8902738896354345e-17,2.284215076947314e-18,8.83435057686404,0.9628591007592432,0.0872769889287037,0.0944197605132177,3.2012661413676304,7.417136342105685e-16,1.8201779704349527e-16,2.5955991008719313e-16,4.455077947751301e-16,balmer,observed_same_grating,,,,,,,,,,,,,,,,,3.1888448013842874,z_sys,0.0,3.1888448013842874
47736,150.13779189,2.3609968,True,1,0,1,0,2.9861,,2.9856,,2.98585,1,0,0,0,True,2.9871504317981623,4.0646964489429305e-05,205.5824530434745,OIII,G235M,a,2.9861,2.9871504317981623,z_sys,2.9871504317981623,4.0646964489429305e-05,205.5824530434745,2.985752175352965,3.636122790013176e-05,162.30713156653675,1.2323928692941233,4853.061,False,False,0.2999999999999998,-0.3,True,0.0,unresolved,2.990647430087407,0.0021007396737219,obs,4851.310361334358,103.46953837779697,34.65905448409044,51.86697020378879,7.357758839342114,601.8605927944978,182.25780570671407,568.2491001868823,182.3953712092924,False,0.518,14.99996591460592,True,500.0,1.0346953837779695e-18,5.186697020378878e-19,262.93808841360385,157.98345197460108,157.95388741306647,3.0562311613181663,262.93808841360385,259.1747678629624,stone,3.0,True,True,False,False,False,True,d,stone,,-21.36831781962191,0.1011182404427687,24.14492197309538,-1.568937247084684,0.1947728586900288,798.1002735705811,3,F814W;F090W;F115W,ok,True,True,2.9871504317981623,z_sys_OIII,55120.0,0.0791221878319085,1,0.0,False,0.0,False,0.5,2.585725721764804,3.071043968200684,9.757582455640485,1.3328495409985821e-17,3.445591700813104e-19,38.68274760134961,G235M,132.54665032854055,8.116873059210114,245.6404556680613,False,G235M,3.4637077773629782e-18,4.599174755275812e-19,7.531150612160767,G235M,G235M,True,PRIMER+MINERVA total,1.3328495409985821e-17,3.4455917008131043e-19,3.512421637955641,direct,4.681529567942665e-17,2.6973815310501405e-18,3.847439635487712,0.253204659523279,0.1088627800897288,0.1240220970946189,0.8418422827693364,1.0145691792432312e-16,2.91392369265488e-17,4.7591896872654727e-17,2.904873315536665e-17,balmer,observed_same_grating,,,,,,,,,,,,,,,,,2.9871504317981623,z_sys,0.0,2.9871504317981623
48146,150.07949241,2.36255647,True,1,0,0,0,3.1552,,,,3.1552,1,0,0,0,True,3.155380571338563,0.0004341416801085,13.401198333331568,OIII,G235M,a,3.1552,3.155380571338563,z_sys,3.155380571338563,0.0004341416801085,13.401198333331568,3.155164927490425,0.0001723724639552,58.98607201599795,3.510288148845932,5047.061,False,False,0.3999999999999998,0.1999999999999998,True,0.0,dv_out_of_band,3.149796772513839,0.0011830976365999,obs,5044.783442441899,200.29089976159383,51.651546607548944,61.6103721084581,449.075841902335,252.7086107518133,493.8965539503876,238.00829428657016,171.671106687763,True,0.012,14.999999999999998,True,500.0,2.002908997615938e-18,6.16103721084581e-19,-402.8465614407881,90.9206138846135,85.3552983754798,31.321415491445883,-402.8465614407881,-480.8129797494881,bronze,2.0,True,False,True,True,True,False,d,bronze,,-19.01336962219285,0.189095229965839,26.59798793006296,0.2474445227524467,0.3364794337628045,83.33569791748013,3,F814W;F090W;F115W,ok,True,True,3.155380571338563,z_sys_OIII,55579.0,0.0455174333350146,1,0.0,False,0.0,False,0.5,2.8277107408813102,2.984696388244629,10.587434981481238,1.1999245285717828e-17,5.475572468280928e-19,21.91413839416324,G235M,314.89531605495785,14.45757575731329,372.1145306740154,False,G235M,1.516426134184346e-18,4.105152677476587e-19,3.6939579434022023,G235M,G235M,True,PRIMER+MINERVA total,1.1999245285717828e-17,5.475572468280928e-19,1.5769782170619977,direct,1.8922548436760882e-17,1.346212456041485e-18,7.904507966217632,0.8679120320470218,0.2008098242972095,0.2719117692527589,2.8855908405361106,2.701894228358599e-16,1.26577278959703e-16,3.618162767109656e-16,1.7209488641668775e-16,balmer,observed_same_grating,,,,,,,,,,,,,,,,,3.155380571338563,z_sys,0.0,3.155380571338563
48525,150.08151033,2.36370612,True,1,0,0,0,3.9374,,,,3.9374,1,0,0,0,True,3.93883538677916,9.49263103837864e-05,100.4817157089094,OIII,G235M,a,3.9374,3.93883538677916,z_sys,3.93883538677916,9.49263103837864e-05,100.4817157089094,3.936883890964472,0.0001478961138372,46.060739182250586,8.643515012449717,6016.061,True,True,-1.1102230246251563e-16,0.2999999999999998,True,1.0,ok,3.949239263486941,0.0008406650587693,obs,6016.64169544317,400.3981613286916,45.15860764762564,47.14379972751118,498.7080086721123,78.26519165343733,517.5069695081478,75.25049011719663,131.27292239652547,True,0.0,2.173753421346363,False,500.0,4.003981613286916e-18,4.714379972751118e-19,631.5261649140971,51.35353942005628,51.02924567962163,5.76212602570363,631.5261649140971,625.7313143562825,gold,0.0,True,True,True,True,True,True,a,gold,,-20.0068193922003,0.2118155481940027,25.99195795239797,-0.7330256698686807,0.4460989305364259,145.62739066849412,4,F814W;F090W;F115W;F140M,ok,True,True,3.93883538677916,z_sys_OIII,56304.0,0.0301688323159238,1,0.0,False,0.0,False,0.5,2.467890799387086,3.917581796646119,10.462325938881122,1.434455176551103e-17,6.02321420909097e-19,23.815443495037048,G235M,429.6617045567979,14.757090805070703,460.7522072111398,False,G235M,2.1951522305861704e-18,2.50539301823694e-19,8.761708101712971,G235M,G235M,True,PRIMER+MINERVA total,1.434455176551103e-17,6.02321420909097e-19,2.104028315700069,direct,3.018134309066063e-17,2.0181933284387332e-18,6.532234578873622,0.7051192228550367,0.0981922302417758,0.1064706411914585,2.3443453896560325,2.6269225122598315e-16,7.43089466232671e-17,1.0573210460576908e-16,1.2511961977316615e-16,balmer,observed_same_grating,,,,,,,,,,,,,,,,,3.93883538677916,z_sys,0.0,3.93883538677916
48648,150.0783225,2.36476518,True,1,0,0,0,3.417,,,,3.417,1,0,0,0,True,3.418467433947656,8.030341673561968e-05,237.91029179923552,OIII,G235M,a,3.417,3.418467433947656,z_sys,3.418467433947656,8.030341673561968e-05,237.91029179923552,3.416985978060329,6.767301995721469e-05,62.10189631211392,3.2680526920188497,5377.061,False,False,-1.1102230246251563e-16,-1.1102230246251563e-16,True,1.0,ok,3.425119793591265,0.0007743578791368,obs,5379.485379475093,233.80234598037708,66.27504827746704,71.90833542041244,263.763225402845,171.37993757864646,305.3438334111299,148.45221813416188,155.39806770990717,True,0.0939999999999999,0.0067854132119013,False,500.0,2.3380234598037708e-18,7.190833542041243e-19,451.3617626181583,52.82184641022184,52.540084413540185,5.448576695168861,451.3617626181583,451.8788045690381,gold,0.0,True,True,True,True,True,True,a,gold,,-20.136158957519665,0.0803681377798263,25.61687542938545,-1.9761280328624489,0.1929560730495075,205.7197922925783,3,F814W;F090W;F115W,ok,True,True,3.418467433947656,z_sys_OIII,56875.0,0.0502542694095593,1,0.0,False,0.0,False,0.3,2.4759728928155007,3.4066977500915527,9.083745885677205,5.422545084186456e-18,2.6124344298997947e-19,20.756674395821864,G235M,230.1212073962265,13.438540799816533,296.1099813276791,False,G235M,1.623850340703831e-18,1.4316890581779732e-19,11.34219984030897,G235M,G235M,True,PRIMER+MINERVA total,5.422545084186456e-18,2.6124344298997947e-19,3.13698532642461,direct,1.7010444360968816e-17,1.5755034389298934e-18,3.3427293874875037,0.1331529113397311,0.0828020041469899,0.0872073417617634,0.4427001898411616,2.560957691095744e-17,6.542554612494285e-18,8.909906465967631e-18,8.12378096920493e-18,balmer,observed_same_grating,,,,,,,,,,,,,,,,,3.418467433947656,z_sys,0.0,3.418467433947656
49482,150.07949246,2.36779416,True,1,0,0,0,3.4182,,,,3.4182,1,1,1,0,False,3.4199192904280213,0.0001091955797798,113.27028314380505,OIII,G235M,a,3.4182,3.4199192904280213,z_sys,3.4199192904280213,0.0001091955797798,113.27028314380505,3.4176143917990016,0.0001927736030122,40.43305118024893,12.481498110434394,5375.061,True,True,0.1999999999999998,-0.1,True,1.0,ok,3.421985849877076,0.0002520553732651,obs,5375.675538120065,905.08238121409,68.80942414117064,70.5192634845956,286.3002568042984,37.90491318359694,336.6935812276314,33.184729812735974,155.5968199276231,True,0.0,11.834513153123993,False,500.0,9.0508238121409e-18,7.05192634845956e-19,140.1697397907139,18.631681930378008,17.096307633240563,7.406472633067291,140.1697397907139,80.07649270479459,gold,0.0,True,True,True,True,True,True,a,gold,,-21.339761005166373,0.0787590488520289,24.4140191487592,-2.1877345364175373,0.189298763456714,622.9003708118584,3,F814W;F090W;F115W,ok,True,True,3.4199192904280213,z_sys_OIII,57866.0,0.0736649754363448,2,0.0,False,1.0,True,0.5,2.1039194029233705,3.425993204116821,9.28302909882007,2.5166200177558345e-17,3.2371422651461857e-18,7.774202712225212,G235M,196.36388704234653,36.54861647598446,270.69089261303355,False,G235M,7.500137533522658e-18,1.979624873061635e-18,3.788666042533172,G235M,G235M,True,PRIMER+MINERVA total,2.5166200177558345e-17,3.2371422651461857e-18,1.368876498726404,sample_median,3.444941998530387e-17,1.4339902580063288e-17,3.3439780082663355,0.1334717484364403,0.1334717484364403,0.2742614773295995,0.4437602435930578,5.1846119270740916e-17,2.532173447271503e-17,7.850204077222794e-17,3.888059997439942e-17,balmer,observed_same_grating,,,,,,,,,,,,,,,,,3.4199192904280213,z_sys,0.0,3.4199192904280213
49540,150.11117372,2.36757701,True,1,0,0,0,3.5651,,,,3.5651,1,0,0,0,True,3.5648687486500403,0.0001034689222739,27.55475751526153,Ha,G235M,b,3.5651,3.5648687486500403,z_sys,,,,3.5648687486500403,0.0001034689222739,27.55475751526153,11.427374662205755,5552.061,True,True,0.1999999999999998,-0.2,True,1.0,ok,3.5673279800154534,0.000314272049091,obs,5552.363605465386,473.6847949061594,38.65856698075527,39.78945751949813,296.6448060945102,40.22467754740492,343.2181393629888,35.38972537917515,148.05903297668564,True,0.0,14.999999999999998,True,500.0,4.736847949061594e-18,3.9789457519498127e-19,161.50716623471362,21.729283165978348,20.63945214318593,6.795201405139343,161.50716623471362,95.83706862416702,silver,1.0,False,True,True,True,True,True,a,silver,,-19.67263458274605,0.0782315069968429,26.15377719937057,-1.7224339706292626,0.1966955758825017,125.46291369038362,3,F814W;F090W;F115W,ok,True,True,3.5648687486500403,z_sys_Ha,57806.0,0.0703506073137908,1,0.0,False,0.0,False,0.3,2.528002363490739,3.686,8.792777475642986,3.7152901767442335e-18,3.2282260418729786e-19,11.508767132640644,G235M,141.72366394792033,22.813901439555316,229.26480924624477,False,G235M,1.4412342109159811e-18,2.429699976370647e-19,5.931737354127228,G235M,G235M,True,PRIMER+MINERVA total,3.7152901767442335e-18,3.2282260418729786e-19,1.7819269623250409,direct,6.620375738801915e-18,1.1632477756892682e-18,2.581463707753981,0.0,0.0,0.0834075138503154,0.0,6.906445956855129e-18,1.2990458923767749e-18,2.262455108060428e-18,3.795780976388317e-18,balmer,observed_same_grating,,,,,,,,,,,,,,,,,3.5651,z_dja,15.187164064854377,3.5648687486500403
49694,150.07949246,2.36779416,False,1,0,0,0,3.4182,,,,3.4182,1,1,1,0,False,3.4199192904280213,0.0001091955797798,113.27028314380505,OIII,G235M,a,3.4182,3.4199192904280213,z_sys,3.4199192904280213,0.0001091955797798,113.27028314380505,3.4176143917990016,0.0001927736030122,40.43305118024893,12.481498110434394,5375.061,True,True,0.1999999999999998,-0.1,True,1.0,ok,3.421985849877076,0.0002706233115163,obs,5375.675538120065,905.08238121409,68.80942414117064,70.41625941954052,286.3002568042984,35.98354196733719,336.6935812276314,31.27513310612821,155.5968199276231,True,0.0,11.834513153123993,False,500.0,9.0508238121409e-18,7.041625941954052e-19,140.1697397907139,19.79364838685626,18.35572607112349,7.406472633067291,140.1697397907139,80.07649270479459,,,,,,,,,,,,-21.339761005166373,0.0787590488520289,24.4140191487592,-2.1877345364175373,0.189298763456714,622.9003708118584,3,F814W;F090W;F115W,ok,True,True,3.4199192904280213,z_sys_OIII,57866.0,0.0736649754363448,2,0.0,False,1.0,False,0.5,2.1039194029233705,3.425993204116821,9.28302909882007,2.5078377231459146e-17,3.2236938975079004e-18,7.779391601307483,G235M,196.36388704234653,36.54861647598446,270.69089261303355,False,G235M,7.588668205580365e-18,2.056565454537193e-18,3.689971641232352,G235M,G235M,True,PRIMER+MINERVA total,2.5078377231459146e-17,3.2236938975079004e-18,1.368876498726404,sample_median,3.4329201218339755e-17,1.4288950478732737e-17,3.3271229047771698,0.129157695419201,0.129157695419201,0.288777369128742,0.4294170942732215,5.1318429800671e-17,2.4959420157595762e-17,8.256428694072328e-17,3.6955539944564257e-17,balmer,observed_same_grating,,,,,,,,,,,,,,,,,3.4199192904280213,z_sys,0.0,3.4199192904280213
50654,150.11930256,2.37124542,True,1,0,0,0,3.4621,,,,3.4621,1,0,0,0,True,3.463694344321006,0.0002339035337104,31.012316594592622,OIII,G235M,a,3.4621,3.463694344321006,z_sys,3.463694344321006,0.0002339035337104,31.012316594592622,3.461432303536553,0.0001189379404045,21.770372938662927,4.258685466026151,5423.061,False,False,-0.3,-0.2,True,1.0,ok,3.461024161925141,0.0014082198469402,obs,5423.133242927536,261.7733965197367,56.32190733930345,65.44889470303951,637.7936076501325,240.94241927740103,664.0937753018393,232.045749702566,153.52273752558793,True,0.006,14.999999999999998,True,500.0,2.617733965197367e-18,6.544889470303951e-19,-179.3358778661043,95.87522459816212,94.5794350492888,15.7095244200896,-179.3358778661043,-244.7521539252068,silver,1.0,True,False,True,True,True,True,c,silver,,-15.756457198521831,1.0531294344150344,30.01963485592629,1.586529275753857,1.9034232897330847,3.5659258364143027,3,F814W;F090W;F115W,ok,False,False,3.463694344321006,z_sys_OIII,59307.0,0.0404936473527193,1,0.0,False,0.0,False,0.3,2.4905762325401906,3.562,9.793299839328736,5.485373309063815e-18,4.319174359375987e-19,12.700050640827367,G235M,298.02070538737007,23.300489228755627,350.48874023201165,False,G235M,9.723266340497597e-19,4.426692918384105e-19,2.1965079845761983,G235M,G235M,True,PRIMER+MINERVA total,5.485373309063815e-18,4.319174359375987e-19,1.0923374858910426,direct,5.9918788895965974e-18,6.567661018451802e-19,,,,,,,,,,,,,,,,,,,,,,,,,,,,3.463694344321006,z_sys,0.0,3.463694344321006
54193,150.10120262,2.39667794,True,1,0,0,0,3.5345,,,,3.5345,1,4,0,0,False,3.5357192266194497,5.647029245177305e-05,252.2094585244984,OIII,G235M,a,3.5345,3.5357192266194497,z_sys,3.5357192266194497,5.647029245177305e-05,252.2094585244984,3.5345153193041963,5.7915523980523565e-05,124.95837850116196,2.8948339194197032,5509.061,False,False,0.2999999999999998,0.1999999999999998,True,0.0,unresolved,3.532309582984804,0.0003157261407288,obs,5509.792790747137,168.04555879940304,39.65708155337328,38.0880101389291,6.478401618138428,85.79423398517996,149.40377256383974,55.23413325258999,149.76500934306014,False,0.6579999999999999,14.99999999952604,True,500.0,1.6804555879940303e-18,3.80880101389291e-19,-225.36347491163025,21.199367295402205,20.86820436953873,3.732454971802485,-225.36347491163025,-228.70428574749656,stone,3.0,True,False,True,False,False,True,d,stone,,-20.67906043941191,0.0749373060597132,25.13302805301715,-1.5160577158465265,0.1925177858262422,321.2292085632731,3,F814W;F090W;F115W,ok,True,True,3.5357192266194497,z_sys_OIII,67249.0,0.0132886319153868,1,0.0,False,0.0,False,0.5,2.076226942860252,3.5689980983734126,9.453274822512231,2.196252161307024e-17,1.0255283536932112e-18,21.41581120987745,G235M,99.40539160054998,13.781355318479456,206.8862278870481,False,G235M,6.4068761702062486e-18,7.84713482591872e-19,8.164605696648204,G235M,G235M,True,PRIMER+MINERVA total,2.196252161307024e-17,1.0255283536932112e-18,1.338499530955519,direct,2.939682487769496e-17,2.3765060827659682e-18,3.428690650238174,0.1548298028999937,0.1079780969039181,0.115678400847743,0.5147704428483229,4.734409647225346e-17,1.4311400184534086e-17,2.101151330811468e-17,3.541162217768415e-17,balmer,observed_same_grating,,,,,,,,,,,,,,,,,3.5357192266194497,z_sys,0.0,3.5357192266194497
54521,150.09362883,2.39552825,True,1,0,0,0,3.4164,,,,3.4164,1,0,0,0,True,3.417666420185612,0.0002080163662328,23.062243147224823,OIII,G235M,a,3.4164,3.417666420185612,z_sys,3.417666420185612,0.0002080163662328,23.062243147224823,,,,3.55936494238502,5365.061,False,False,-0.4,-1.1102230246251563e-16,True,0.0,dv_out_of_band,3.412886842113285,0.0017731075485891,obs,5364.614147351857,191.9039732589233,52.85278700185721,63.66981489430826,652.2262838954798,370.1748461746116,670.5629014961132,357.52836401999963,156.02213139291771,True,0.02,0.0416183084902038,False,500.0,1.9190397325892326e-18,6.366981489430826e-19,-324.3525703884189,121.15215973813746,120.32693728548806,14.116443344886852,-324.3525703884189,-324.60587683360484,stone,3.0,True,False,False,True,True,False,b,stone,,-18.3336565458064,0.4917398818850347,27.418966228861287,-1.965514982688396,1.222778946002197,39.12368534177058,3,F814W;F090W;F115W,ok,True,False,3.417666420185612,z_sys_OIII,66897.0,0.0554440996707848,1,0.0,False,0.0,False,0.3,3.847578450226795,3.419482469558716,9.151187483644064,1.0937672279383773e-18,1.7153712413976073e-19,6.3762712207255205,G235M,172.3628002116432,43.11314093236375,253.86511936886103,False,G235M,2.1033959183380518e-19,5.912582641532664e-19,0.3557490940697967,G235M,G235M,True,PRIMER+MINERVA total,1.0937672279383773e-18,1.7153712413976073e-19,2.030132058558436,direct,2.220491914038292e-18,4.444234560570941e-19,,,,,,,,,,,,,,,,,,,,,,,,,,,,3.417666420185612,z_sys,0.0,3.417666420185612
54969,150.12661955,2.39304608,True,1,0,1,0,5.8642,,5.8642,,5.8642,0,0,0,0,False,5.866413724150755,0.0001451091562894,143.20436359010722,OIII,G235M,a,5.8642,5.866413724150755,z_sys,5.866413724150755,0.0001451091562894,143.20436359010722,5.8644055760782186,0.000302151457194,44.672792179035866,,,,,,,,,,,,,,,,,,,,,,,,,,,,,,,,,,,,,,,,,,,,,,-20.48895842824261,0.0582112687445376,26.16925931441809,-1.9264179220943107,0.1157622720287993,123.68656346258688,6,F115W;F140M;F150W;F162M;F182M;F200W,ok,True,True,5.866413724150755,z_sys_OIII,66190.0,0.0428257130565863,1,5.0,False,0.0,False,0.3,1.899004424895833,6.26548957824707,8.471525976693629,7.156123387857965e-18,6.331846816443354e-19,11.3017948717174,G395M,267.4681984679516,25.503338544497414,335.0794587071727,False,G395M,2.317320950570476e-18,3.027145778391324e-19,7.655134969423043,G235M,G395M,False,PRIMER+MINERVA total,7.156123387857965e-18,6.331846816443355e-19,0.912085257134884,direct,6.52699464030339e-18,7.924185231011283e-19,2.220837640647884,0.0,0.0,0.0,0.0,6.519024214483762e-18,7.820729724060715e-19,9.714166897329728e-19,8.76247758606821e-18,balmer,slitcorr,,,,,,,,,,,,,,,,,,,,
55418,150.10099069,2.39211075,True,1,0,0,0,3.8395,,,,3.8395,1,0,0,1,False,3.840589475929619,3.821846593492806e-05,199.240336536008,OIII,G235M,a,3.8395,3.840589475929619,z_sys,3.840589475929619,3.821846593492806e-05,199.240336536008,3.839753528434775,4.498027691576029e-05,65.1535791977319,0.0,5879.061,False,False,-0.4,-0.4,False,0.0,fit_failed,,,obs,,,,,,,,,,False,,,False,,,,,,,,,,bad,6.0,False,False,False,False,False,False,d,bad,,-19.91995988728885,0.0615389613426502,26.03546151767235,-1.7531646935560947,0.1412211015678785,139.9077079698604,4,F814W;F090W;F115W;F140M,ok,True,True,3.840589475929619,z_sys_OIII,65863.0,0.03330496490045,1,0.0,False,0.0,False,0.3,2.373537002932644,3.8881986141204834,9.154396006664951,6.8533021392731896e-18,2.8607709587352143e-19,23.956137132708893,G235M,123.07799691651594,10.359781656950158,209.70870258676345,False,G235M,2.211467879321517e-18,3.4786322362265764e-19,6.357291398300823,G235M,G235M,True,PRIMER+MINERVA total,6.85330213927319e-18,2.8607709587352143e-19,1.1812970913477103,direct,8.09578588325046e-18,1.8670511763927704e-18,3.1016319781671244,0.0692433188960533,0.0692433188960533,0.1504176362112398,0.2302167493905042,1.0217704310117982e-17,2.952653687157916e-18,6.43981130788081e-18,8.517923100505472e-18,balmer,observed_same_grating,,,,,,,,,,,,,,,,,3.840589475929619,z_sys,0.0,
56591,150.11778258,2.38685656,True,1,0,0,0,3.7526,,,,3.7526,1,0,0,0,True,3.753380821677738,0.0003308900440701,14.252713575133884,OIII,G235M,a,3.7526,3.753380821677738,z_sys,3.753380821677738,0.0003308900440701,14.252713575133884,3.75184912090798,0.0001452568600943,13.73129592114656,1.7086126887767212,5784.061,False,False,0.2999999999999998,-0.4,True,1.0,ok,3.755824485160818,0.0037719459591741,obs,5781.513151875452,95.25122274236053,48.3905897215292,66.46573451546936,465.25404216377217,606.5532460523609,494.2720278848401,585.8843766907636,139.2329226986467,True,0.146,14.999999999999998,True,500.0,9.525122274236053e-19,6.646573451546937e-19,154.12017458740513,238.8076381908632,237.89403646915196,20.86900742038398,154.12017458740513,92.03686560075474,bronze,2.0,True,True,False,True,False,True,d,bronze,,-19.710309807401543,0.1629810928997274,26.205518356092973,-0.9249469311460876,0.33131670687923,119.62416145788984,4,F814W;F090W;F115W;F140M,ok,True,True,3.753380821677738,z_sys_OIII,64186.0,0.0412348642953713,1,5.0,False,0.0,False,0.5,1.291,3.668735504150391,10.21992624226642,1.0023501004677209e-18,1.703660469153429e-19,5.883508589982144,G235M,191.3682141365076,37.72159358509198,257.96855019987964,False,G235M,9.561455694215552e-20,8.417659010680698e-19,0.1135880615036027,G235M,G235M,True,PRIMER+MINERVA total,1.0023501004677209e-18,1.703660469153429e-19,1.397056033710204,direct,1.400339255748459e-18,2.507704296049988e-19,,,,,,,,,,,,,,,,,,,,,,,,,,,,3.753380821677738,z_sys,0.0,3.753380821677738
57111,150.11472906,2.38735573,True,1,0,0,0,3.7576,,,,3.7576,1,0,0,0,True,3.7588987311907305,0.0001219470908592,171.44678186306024,OIII,G235M,a,3.7576,3.7588987311907305,z_sys,3.7588987311907305,0.0001219470908592,171.44678186306024,3.757553519948957,0.0001718833589498,77.11398563436185,2.8417049290031065,5803.061,False,False,-0.2,-0.4,True,1.0,ok,3.773057586914669,0.0041248618611734,obs,5802.462916684556,114.8204131006878,37.4463632848264,1456.094273334786,118.29988901517376,650.1940582082688,189.4339185643476,628.9038517168985,138.47063880916306,True,0.3179999999999999,14.99564816914322,True,500.0,1.148204131006878e-18,1.456094273334786e-17,891.9538741444941,259.9640881491578,259.8505549543846,7.682201320027136,891.9538741444941,846.8120223080139,stone,3.0,True,True,False,False,False,True,c,stone,,-20.42570773304105,0.0551740739283886,25.492657555593432,-1.200081028874575,0.1171093652848226,230.6551876149443,4,F814W;F090W;F115W;F140M,ok,True,True,3.7588987311907305,z_sys_OIII,64265.0,0.0329375551450098,1,0.0,False,0.0,False,0.5,2.0451492480376103,3.751935005187988,9.825725006834327,3.7865904290347457e-17,1.4146355153090971e-18,26.767251267598624,G235M,427.7865086345922,13.042837372508927,461.3628006085364,False,G235M,8.698959994818941e-18,6.908641410488277e-19,12.591419177745587,G235M,G235M,True,PRIMER+MINERVA total,3.7865904290347457e-17,1.4146355153090973e-18,0.7483913111743021,direct,2.833851376065377e-17,2.107840257795621e-18,4.350279200769034,0.3580701593610692,0.0737214168281795,0.0765470544137926,1.1904938910509626,8.48596847500613e-17,1.9057053071458802e-17,2.4473186798288885e-17,1.1356903108214792e-16,balmer,observed_same_grating,,,,,,,,,,,,,,,,,3.7588987311907305,z_sys,0.0,3.7588987311907305
57248,150.10662644,2.38372359,True,1,0,0,0,3.7214,,,,3.7214,1,0,0,0,True,3.723101296811256,0.0001568884768721,71.19107236177045,OIII,G235M,a,3.7214,3.723101296811256,z_sys,3.723101296811256,0.0001568884768721,71.19107236177045,3.721368638132998,0.0001932547775438,30.33791848211155,6.86727961610662,5750.061,True,False,0.1999999999999998,0.1999999999999998,True,1.0,ok,3.7300825160165374,0.0005327694820174,obs,5750.219412245824,331.4496315062591,47.71549847988452,50.94461888428325,305.64799899489554,73.61919507430113,346.73849554897964,66.7559659648849,140.39686524500252,True,0.0,14.999999999955548,True,500.0,3.3144963150625907e-18,5.094461888428325e-19,443.1234339185541,35.25258593569984,33.81682130536059,9.95828358479574,443.1234339185541,379.8761911616176,gold,0.0,True,True,True,True,True,True,a,gold,,-19.74373645374765,0.0567817643686704,26.158090606919355,-1.7623649646347763,0.1261812454819837,124.96546402011649,4,F814W;F090W;F115W;F140M,ok,True,True,3.723101296811256,z_sys_OIII,63316.0,0.0323946879855401,1,0.0,False,0.0,False,0.3,2.083729528569317,3.770756721496584,9.31584134616633,2.179347505791093e-18,1.9711329765587538e-19,11.056319039397556,G235M,237.05174917308628,24.097161204710734,294.1384916512908,False,G235M,8.0942063574361275e-19,1.7493591347954945e-19,4.626955206874868,G235M,G235M,True,PRIMER+MINERVA total,2.179347505791093e-18,1.9711329765587538e-19,1.368876498726404,sample_median,2.9832575832354325e-18,1.2114624328865069e-18,2.6998147816541582,0.0,0.0,0.1682660949372238,0.0,3.3958254850285813e-18,1.398610693553834e-18,2.246306069305387e-18,2.2880994068627197e-18,balmer,observed_same_grating,,,,,,,,,,,,,,,,,3.723101296811256,z_sys,0.0,3.723101296811256
59737,150.08672731,2.37497065,True,1,0,1,0,3.4173,,3.4161,,3.4167,1,0,0,0,True,3.417202915782912,3.231823318023311e-05,175.5878759644605,Ha,G235M,b,3.4173,3.417202915782912,z_sys,,,,3.417202915782912,3.231823318023311e-05,175.5878759644605,15.036421771244465,5379.061,True,True,-1.1102230246251563e-16,-0.2,True,1.0,ok,3.425631084536394,0.0002209814460843,obs,5380.106940538359,665.3805301477109,42.5246099891663,43.07848742654705,327.6158008830667,32.16155580763359,362.3209908611586,28.7642926164636,155.3488902767192,True,0.0,5.69479267228826e-06,False,500.0,6.653805301477109e-18,4.3078487426547046e-19,572.0138909664244,15.157398897613003,14.997855465796452,2.193415776463597,572.0138909664244,571.9768216999814,silver,1.0,False,True,True,True,True,True,a,silver,,-20.494570876930972,0.0799930415232793,25.25781366746592,-1.9184573366023423,0.1925044496710093,286.3523700112291,3,F814W;F090W;F115W,ok,True,True,3.417202915782912,z_sys_Ha,60600.0,0.0365889949074658,1,0.0,False,0.0,False,0.3,2.59531481650123,3.416699409484864,8.551190046106088,1.446970331524494e-17,3.7852073197301683e-19,38.22697700023581,G235M,100.9699778950468,7.68041688047752,211.9375695359752,False,G235M,,,,,G235M,False,PRIMER+MINERVA total,1.446970331524494e-17,3.7852073197301683e-19,1.811932838356093,direct,2.6218130598162337e-17,1.8348860749097128e-18,,,,,,,,,,,,,,,,,,,,,,,,,,,,3.4173,z_dja,6.589037594330253,3.417202915782912
15479,150.13683,2.25183,True,0,0,0,1,,,,5.1078,5.1078,1,0,0,0,True,5.108947826149207,0.0003123788581952,22.785650228085377,OIII,G395H,a,5.1078,5.108947826149207,z_sys,5.108947826149207,0.0003123788581952,22.785650228085377,5.107371692483885,9.691265418845748e-05,16.39172751208058,3.328606253858984,7451.061,False,False,0.3999999999999998,-0.1,True,1.0,ok,5.132725751879526,0.0004106243836487,obs,7455.370714787384,64.59318722276471,17.067065827253785,18.35764460840521,67.31705480891947,86.75669259190776,119.25351379842932,67.09282683448363,98.8243634102076,True,0.422,0.0002853766068035,False,500.0,6.459318722276471e-19,1.8357644608405208e-19,1166.8855265583784,25.319349849167537,20.15111223602912,15.32977992130017,1166.8855265583784,1166.8299420244443,silver,1.0,True,True,True,False,True,True,b,silver,,-21.004981053849068,0.0704172506436288,25.429369888659043,-1.522633964444082,0.1613490737835789,244.4996790946041,5,F090W;F115W;F140M;F150W;F162M,ok,True,True,5.108947826149207,z_sys_OIII,17781.0,0.0366504504332296,1,0.0,False,0.0,False,0.3,2.891177063470266,5.316340446472168,9.50507468984891,4.3870745041221546e-18,5.713652558754638e-19,7.678231147254731,G395H,101.92265999656593,18.35137404259041,132.0745236990673,False,G395H,,,,,G395H,False,PRIMER+MINERVA total,4.3870745041221546e-18,5.713652558754639e-19,1.1043282663685683,direct,4.844770381566965e-18,1.0911930951704038e-18,,,,,,,,,,,,,,,,,,,,,,,,,,,,5.108947826149207,z_sys,0.0,5.108947826149207
17074,150.14934465,2.25838717,True,0,0,0,1,,,,5.5034,5.5034,1,0,0,0,True,5.50545452128854,0.0001530889063763,47.593130388649286,OIII,G395H,a,5.5034,5.50545452128854,z_sys,5.50545452128854,0.0001530889063763,47.593130388649286,,,,5.190732675199884,7905.061,False,False,0.0999999999999998,0.1999999999999998,True,1.0,ok,5.509044625926899,0.0018649405587948,obs,7912.850280400554,552.689790565043,80.9351240732059,83.36831944584118,721.9518321496583,144.7951031040457,727.8586700674855,143.21618528020863,92.90507484045476,True,0.0,5.104511472734808e-06,False,500.0,5.5268979056504304e-18,8.336831944584117e-19,165.44367353409038,86.23158548012442,85.94251367301023,7.054833660722051,165.44367353409038,165.43737283835387,gold,0.0,True,True,True,True,True,True,a,gold,,-19.406907392538574,0.1670095706147017,27.14910753848704,-2.083468448179938,0.3592336658355017,50.162969035748986,5,F115W;F140M;F150W;F162M;F182M,ok,True,True,5.50545452128854,z_sys_OIII,19729.0,0.0140963712527898,1,0.0,False,0.0,False,0.3,1.6201189051044709,5.51,7.917546889811581,,,,,,,,,,7.030375147981852e-19,9.227906261951953e-19,0.7618602691023367,G395H,,False,PRIMER+MINERVA total,,,,,,,,,,,,,,,,,,,,,,,,,,,,,,,,,,5.50545452128854,z_sys,0.0,5.50545452128854
45547,150.14623671,2.35438008,True,0,0,0,1,,,,4.4805,4.4805,1,0,0,0,True,4.480683587300725,0.0001542204175311,21.295641810600745,Ha,G395H,b,4.4805,4.480683587300725,z_sys,,,,4.480683587300725,0.0001542204175311,21.295641810600745,15.534694532601272,6667.061,True,True,-1.1102230246251563e-16,-0.2,True,1.0,ok,4.483820853607901,0.0003361186218947,obs,6666.516497105518,604.4486615470084,36.88267257424886,35.88848827952707,357.4062796760594,28.396156515710715,379.9985926641844,26.60454586361288,113.5302960199147,True,0.0,8.10608343556759,False,500.0,6.0444866154700844e-18,3.5888488279527063e-19,171.60793223096888,20.228560904083515,18.38563132359418,8.43583055087575,171.60793223096888,139.47257224739147,silver,1.0,False,True,True,True,True,True,a,silver,,-20.99161938661824,0.0526261441664675,25.225429251851978,-1.605365501132484,0.1058368971517832,295.02209873039413,6,F814W;F090W;F115W;F140M;F150W;F162M,ok,True,True,4.480683587300725,z_sys_Ha,53122.0,0.032356152748711,1,0.0,False,0.0,False,0.5,1.617920245984106,4.579,9.429957109623167,1.0106643136702825e-17,1.7145595762761129e-18,5.894600150700888,G395H,171.078168831554,27.0642945966234,195.3553528716865,False,G395H,,,,,G395H,False,PRIMER+MINERVA total,1.0106643136702825e-17,1.7145595762761129e-18,0.5863686056122502,direct,5.926218243489056e-18,1.1772591752408944e-18,,,,,,,,,,,,,,,,,,,,,,,,,,,,4.4805,z_dja,-10.042194055778687,4.480683587300725
46008,150.12415165,2.35584227,True,0,0,0,1,,,,4.4088,4.4088,1,0,0,0,True,,,,,,d,4.4088,4.4088,z_dja,,,,,,,3.644271243822777,6587.061,False,False,-0.3,0.1999999999999998,True,1.0,ok,4.419450505344349,0.0005231135654203,obs,6588.263395831965,88.26351453493572,20.086861512499546,25.18216501833611,170.57813731917614,126.17074955940024,214.35303932351496,114.28919909698584,115.3543379531292,True,0.0699999999999999,14.999957103809368,True,500.0,8.826351453493571e-19,2.5182165018336107e-19,,,,,,,stone,3.0,False,False,False,True,True,True,d,stone,,-19.89768253771374,0.1009463506495847,26.29224481999797,-1.851399731329879,0.2139503704778833,110.44048900156004,5,F814W;F090W;F115W;F140M;F150W,ok,True,True,4.4088,z_av,53569.0,0.0652900446019046,1,0.0,False,0.0,False,0.3,3.782650032612326,4.411,8.819796162615496,,,,,,,,,,,,,,,,,,,,,,,,,,,,,,,,,,,,,,,,,,,,,,,,,,4.4088,z_dja,0.0,
