ID,pm_sep_arcsec,pm_n_within,pm_number,pm_ra,pm_dec,pm_flag,pm_ap_diam,pm_total_correction,pm_n_bands,pm_r_half_f356w,pm_z_phot,pm_sigma_z,pm_zspec,pm_zspec_cat,pm_z_best,pm_mass_lephare,pm_flag_phot_bad,pm_mass_lephare_total,pm_sep2_arcsec,pm_number2,pm_f356w_ap_match,pm_f356w_ap_second,pm_second_flux_ratio,pm_blend,jels_f356w_ujy,pm_jels_f356w_ratio,pm_jels_outlier,f435w_ap,f435w_ap_err,f435w_tot,f435w_tot_err,f606w_ap,f606w_ap_err,f606w_tot,f606w_tot_err,f814w_ap,f814w_ap_err,f814w_tot,f814w_tot_err,f090w_ap,f090w_ap_err,f090w_tot,f090w_tot_err,f115w_ap,f115w_ap_err,f115w_tot,f115w_tot_err,f140m_ap,f140m_ap_err,f140m_tot,f140m_tot_err,f150w_ap,f150w_ap_err,f150w_tot,f150w_tot_err,f162m_ap,f162m_ap_err,f162m_tot,f162m_tot_err,f182m_ap,f182m_ap_err,f182m_tot,f182m_tot_err,f200w_ap,f200w_ap_err,f200w_tot,f200w_tot_err,f210m_ap,f210m_ap_err,f210m_tot,f210m_tot_err,f250m_ap,f250m_ap_err,f250m_tot,f250m_tot_err,f277w_ap,f277w_ap_err,f277w_tot,f277w_tot_err,f300m_ap,f300m_ap_err,f300m_tot,f300m_tot_err,f356w_ap,f356w_ap_err,f356w_tot,f356w_tot_err,f360m_ap,f360m_ap_err,f360m_tot,f360m_tot_err,f410m_ap,f410m_ap_err,f410m_tot,f410m_tot_err,f444w_ap,f444w_ap_err,f444w_tot,f444w_tot_err,f460m_ap,f460m_ap_err,f460m_tot,f460m_tot_err
16871,0.0649373500663015,1,19054.0,150.1175196,2.2568377,0.0,0.5,1.763100114493925,19.0,6.374,3.0522615909576416,0.0288714082042556,3.0812,DJA,3.0812,9.379,False,9.625276973636703,0.941949241909225,19186.0,0.3548106103631973,0.0538128207308578,0.15166632326968182,0.0,0.3806370507764001,0.932149431169342,False,0.0119526884156775,0.0037140854784202,0.021073786314191212,0.006548304532242879,0.0314949504143858,0.0047188702356252,0.05552875068158409,0.008319840652712764,0.0552037147551178,0.0068885589933785,0.09732967580523817,0.01214521914992379,0.0575379931353139,0.0051570881631336,0.10144524228462261,0.009092462730876116,0.0736138934143197,0.0051376230368508,0.12978866390713065,0.009058143764498271,0.0908402009044313,0.0109876973585464,0.16016036861525398,0.019372410470877753,0.1542785759805679,0.0077139287990283,0.27200857497529896,0.01360042874876478,0.1762279651322007,0.00881139825661,0.3107075455016145,0.015535377275080663,0.2149290918383598,0.0107464545919179,0.37894150642828744,0.018947075321414212,0.2585106730374574,0.0129255336518728,0.4557801972302427,0.022789009861512013,0.2857037368613481,0.0142851868430674,0.503724291171585,0.025186214558579244,0.2765481549632549,0.0138274077481627,0.4875820836787984,0.02437910418393984,0.3458440368778824,0.0172922018438941,0.6097576610164357,0.030487883050821746,0.2964907642211913,0.0148245382110595,0.5227429003447737,0.02613714501723857,0.3548106103631973,0.0177405305181598,0.6255666277550125,0.03127833138775051,0.3616404606790543,0.0180820230339527,0.6376083376288764,0.031880416881443795,0.4124111883435488,0.0206205594171774,0.7271222133870865,0.03635611066935426,0.4329250742722988,0.0216462537136149,0.763290248016781,0.03816451240083898,0.4180942288459539,0.0209047114422976,0.7371419827475505,0.036857099137377364
17058,0.04107715313483295,1,19467.0,150.1246364,2.257919,0.0,0.3,3.247340061504552,19.0,6.757,3.264963865280152,0.0289676095714639,3.2684,DJA,3.2684,8.12,False,8.63152777033274,0.9026072403906558,19621.0,0.1353932112304687,0.0060786111019821,0.044895981465680586,0.0,0.2735743265817945,0.49490466785445325,False,0.0151746388028574,0.0025279450235016,0.04927721250338031,0.008209097148097812,0.0432706572465562,0.0021635328623278,0.1405145387643742,0.007025726938218678,0.0829595733552694,0.0041479786677634,0.26939794604189193,0.01346989730209437,0.0805375885810339,0.0040268794290516,0.26153293785616294,0.013076646892807839,0.0823849939014732,0.0041192496950736,0.26753209116306215,0.013376604558152913,0.0895442594395256,0.0044772129719762,0.29078066095572863,0.014539033047786172,0.1059354887797951,0.0052967744389897,0.3440085566496946,0.01720042783248455,0.1374765157981753,0.0068738257899087,0.4464329972674781,0.022321649863373694,0.1239047506145477,0.0061952375307273,0.4023608604813515,0.0201180430240673,0.1595045161840081,0.0079752258092004,0.5179654053952307,0.025898270269761516,0.2204668233267665,0.0110233411663383,0.7159307476216552,0.035796537381082676,0.1192740442100524,0.0059637022105026,0.3873233820609682,0.019366169103048347,0.1540268798867225,0.0077013439943361,0.5001776576047037,0.025008882880235103,0.1350752306854248,0.0067537615342712,0.43863520792174887,0.021931760396087317,0.1353932112304687,0.0067696605615234,0.43966779888444907,0.021983389944222338,0.1276434483528137,0.0063821724176406,0.41450168342467913,0.02072508417123368,0.1450185468877315,0.0072509273443865,0.47092453696970676,0.023546226848485095,0.1485963158788204,0.007429815793941,0.4825427695452785,0.02412713847726386,0.1650193900175571,0.0082509695008778,0.5358740761290576,0.0267937038064527
17416,0.07713145193105769,1,19756.0,150.1099635,2.2590836,56.0,0.5,2.29065709586025,19.0,8.567,1.469360113143921,2.1973848561060176,5.8514,DJA,5.8514,9.969,False,10.328960081541345,0.9542505628941735,20001.0,0.4357768425338745,0.031176276853466,0.07154183933269137,0.0,0.49199938581898195,0.8857263953866132,False,0.0142072653920841,0.0039662581129179,0.0325439732831472,0.009085337290368672,0.0142105898733758,0.0040592367952526,0.032551588529808086,0.009298319568822388,0.0485092227649629,0.0056721677538799,0.11111799534122785,0.012992991314334689,0.0721595700420475,0.0044955140634299,0.16529283115104082,0.010297681188935247,0.1184171067346215,0.005920855336731,0.2712529858129013,0.013562649290644895,0.1392842273007869,0.0087047147873809,0.31905240360795944,0.019939516695153706,0.1374993652087927,0.0068749682604396,0.31496389659180096,0.01574819482958997,0.1452300404279351,0.0072615020213967,0.3326722226383205,0.016633611131915898,0.1677689361503124,0.0083884468075156,0.38430110405763834,0.01921505520288187,0.1905423377678871,0.0095271168883943,0.43646715806981107,0.021823357903490426,0.2015871153097152,0.0100793557654857,0.46176695611819757,0.02308834780590974,0.2638364686995148,0.0131918234349757,0.6043588791732544,0.030217943958662622,0.3381358227458596,0.0169067911372929,0.7745532217373471,0.03872766108686716,0.3661742543304443,0.0183087127165222,0.8387796540033681,0.04193898270016837,0.4357768425338745,0.0217888421266937,0.9982153165617944,0.04991076582808966,0.4365311680059432,0.0218265584002971,0.9999432175569767,0.049997160877848695,0.4751852134973645,0.0237592606748682,1.0884863811456058,0.054424319057280235,0.5618287572889805,0.028091437864449,1.2869570295423494,0.0643478514771174,0.5826536268905164,0.0291326813445258,1.3346596648654718,0.06673298324327355
17578,0.01746993048432696,1,19897.0,150.0973111,2.2601113,0.0,0.5,1.5655122201860563,19.0,5.266,3.0276732444763184,0.048229320567683,3.0926,DJA,3.0926,9.594,False,9.78865646201276,0.8438793489750287,20312.0,0.492606443793869,0.0093932530055007,0.01906847367476034,0.0,0.5265044767316596,0.935616819161317,False,-0.0080536288314967,0.0058664690303268,-0.012608054352550833,0.009184028956319649,0.0236589869966411,0.0045072174183951,0.037038433260464645,0.007056103947532978,0.0527102212754368,0.006451832739796,0.08251849553540737,0.010100422996747122,0.0616580705349087,0.0061429541729591,0.09652646289549338,0.0096168698258104,0.0874705463948118,0.0064094671183407,0.13693620928742928,0.010034099098643074,0.1114990468064308,0.0119684006866517,0.1745531203145645,0.018736677531036423,0.1884563120349884,0.0094228156017494,0.2950306594619709,0.014751532973098513,0.281193799113071,0.0140596899556535,0.44021232875205574,0.022010616437602704,0.3602537141003132,0.0180126857050156,0.5639815917914541,0.028199079589572608,0.3616471970612645,0.0180823598530632,0.5661631063954444,0.02830815531977218,0.3741888419350386,0.0187094420967519,0.5857972047065716,0.029289860235328532,0.430536415687108,0.0215268207843554,0.6740100199932713,0.03370050099966356,0.449962078366971,0.0224981039183485,0.704421132303809,0.03522105661519037,0.4506782676361083,0.0225339133818054,0.7055423353566096,0.035277116767830456,0.492606443793869,0.0246303221896934,0.7711814075016976,0.038559070375084804,0.5034135273885727,0.0251706763694286,0.7881000289337785,0.03940500144668887,0.5456273264913082,0.0272813663245654,0.85418624728959,0.04270931236447949,0.5644981923881293,0.0282249096194064,0.8837288184565558,0.04418644092282769,0.5624370247648239,0.0281218512382411,0.8805020353544194,0.04402510176772082
17806,0.14650740465253528,1,20179.0,150.1365013,2.2605823,5.0,0.5,1.291,19.0,4.861,2.7200627326965328,0.356630266395501,2.9409,DJA,2.9409,10.445,False,10.55592624226642,0.8984563667545783,20354.0,1.2845479852409365,0.0274827629191017,0.021394890058503254,0.0,1.3436566962266028,0.9560090675306709,False,-0.0010084410596432,0.0041872497413239,-0.001301897407999371,0.005405739416049155,-0.000335016818387,0.0043551385983782,-0.00043250671253761694,0.0056224839305062555,0.008407457998327,0.005925468346948,0.010854028275840156,0.007649779635909868,0.0051556533602577,0.0042130850603807,0.0066559484880926905,0.005439092812951483,0.0091248969830974,0.0041917669317598,0.011780242005178744,0.005411571108901902,0.0400249949329042,0.0078043061681996,0.05167226845837932,0.010075359263145683,0.0811915045545887,0.0040595752277294,0.10481823237997401,0.005240911618998654,0.1388682725594401,0.0074615079405929,0.17927893987423715,0.009632806751305433,0.1687942863164424,0.0084397143158221,0.21791342363452712,0.010895671181726331,0.2325762969273328,0.0116288148463666,0.30025599933318664,0.015012799966659279,0.2645824845998883,0.0132291242299944,0.3415759876184558,0.01707879938092277,0.5736202579210877,0.0286810128960543,0.7405437529761242,0.037027187648806095,0.6671675077694893,0.0333583753884744,0.8613132525304107,0.04306566262652045,0.7512275090393067,0.0375613754519653,0.9698347141697449,0.0484917357084872,1.2845479852409365,0.0642273992620468,1.658351448946049,0.08291757244730243,1.3593144875383376,0.0679657243769168,1.7548750034119938,0.08774375017059957,1.9631238976686,0.09815619488343,2.5343929518901627,0.12671964759450813,2.2923261601655485,0.1146163080082774,2.959393072773723,0.1479696536386861,2.5218401142001152,0.1260920057100057,3.2556955874323488,0.16278477937161734
17891,0.23252790540277837,1,19865.0,150.0981855,2.2602633,5.0,0.5,2.999707247083627,19.0,11.169,2.9556043148040767,0.1346861888001537,3.0931,DJA,3.0931,9.791,False,10.26807887232632,1.036907601309053,20264.0,0.6090421144826889,0.006239710836462,0.010245122115671617,0.0,0.7026417933932407,0.8667889103798757,False,-0.0030717905915768,0.0054263191101218,-0.009214472499076228,0.01627736875962074,0.0092755609396305,0.0042512321632095,0.02782396737137543,0.012752451929014542,0.0170348972834527,0.0057582760933141,0.05109970483449825,0.0172731425278227,0.0275333465375924,0.0058368912905615,0.08259197914528081,0.017508965104736634,0.0321994100843358,0.0065286867563958,0.09658880378179971,0.019584148977099376,0.089645338676095,0.0106281260775294,0.26890977209394834,0.03188126681768342,0.0902169401800453,0.0050815580482309,0.2706244092677919,0.015243186503754362,0.1355617383016705,0.0093347786735754,0.4066455288107751,0.028001603237045813,0.1632026777953625,0.0081601338897681,0.48956025532620295,0.02447801276631007,0.2082706049583673,0.0104135302479183,0.6247508430481056,0.031237542152405078,0.164039990373969,0.0106911314244968,0.49207194793632314,0.03207026441358655,0.2849093315613389,0.0142454665780669,0.8546445866463002,0.042732229332314874,0.39423702559762,0.019711851279881,1.182595662753874,0.059129783137693695,0.4227074673370362,0.0211353733668518,1.267998653167273,0.06339993265836362,0.6090421144826889,0.0304521057241344,1.8269480445928576,0.09134740222964274,0.6257397688107491,0.0312869884405374,1.8770361192900373,0.0938518059645017,0.9052443895424008,0.04526221947712,2.7154681556921334,0.13577340778460656,1.086470807586193,0.0543235403793096,3.259094355261104,0.16295471776305503,1.1393663516333103,0.0569683175816655,3.417765502077673,0.17088827510388357
18444,0.03034865726448932,1,21170.0,150.120378,2.263395,0.0,0.3,2.95037980520179,19.0,6.579,4.873,0.014865234008118,4.8633,DJA,4.8633,9.186,False,9.65587792671917,0.7570797830880264,21373.0,0.1426694691804885,0.0068400976345825,0.047943667792926456,0.0,0.25738917840848075,0.5542947456558168,False,0.002311612538546,0.0021246179416114,0.006820134951177363,0.00626842986869967,0.0008983288245939,0.0016602263468733,0.0026504112225125037,0.004898298285878926,0.0163894599874436,0.0027334316790765,0.04835513176511638,0.008064661624846125,0.0254841014768862,0.0022075232356909,0.07518777835111816,0.006513031974096142,0.0298532650579988,0.0025579846916227,0.08807847034645591,0.007547026376178943,0.041883204226551,0.0040373359084078,0.12357135992715833,0.011911674330982397,0.0412584269048345,0.0020629213452417,0.1217280295344179,0.006086401476720821,0.0466575941234421,0.0039789213330953,0.1376576234611053,0.011739329147650959,0.0496537015692329,0.002801782058094,0.14649727836338117,0.008266321202777246,0.0654513934050393,0.0032725696702519,0.1931064693245456,0.009655323466227087,0.0652372257273733,0.0034679297561633,0.19247459333343284,0.010231709918442569,0.0984881931614375,0.0049244096580718,0.29057757615431823,0.014528878807715691,0.1302862352328658,0.0065143117616432,0.38439387732681723,0.019219693866340593,0.1665423057403564,0.0083271152870178,0.4913630555680896,0.024568152778404424,0.1426694691804885,0.0071334734590244,0.4209291206889725,0.021046456034448546,0.1177448142433166,0.0058872407121658,0.3473919221107174,0.01736959610553578,0.149624932064867,0.0074812466032433,0.4414503779188733,0.02207251889594352,0.1466597002879142,0.0073329850143957,0.43270181796640916,0.02163509089832043,0.1510951895228862,0.0075547594761443,0.4457881958314605,0.022289409791572994
18502,0.05580476412258134,1,21375.0,150.0937318,2.2638407,5.0,0.3,2.0809870013525824,19.0,4.7,3.337,0.0181417679654407,3.3744,DJA,3.3744,7.695,False,8.013269367449265,1.5476590683643454,21519.0,0.0501038435324478,0.009524287621994,0.19009095810835283,0.0,0.07432950359033796,0.6740774673888816,False,0.0016687175026295,0.0026723644039406,0.003472579431901533,0.0055611555874777304,0.0296977145028734,0.0019947588104158,0.061800557850359615,0.00415106715530882,0.0509002943789005,0.003123459566105,0.10592285096751186,0.006499878756314882,0.055345812252258,0.0027672906126129,0.1151739158762494,0.005758695793812469,0.0455615737339365,0.0022780786866968,0.0948130427014891,0.004740652135074403,0.0554463363902855,0.0052197782393172,0.11538310530080678,0.010862290665962162,0.0537185164053475,0.0026859258202673,0.1117875343714736,0.005589376718573524,0.074229177037003,0.0047193762664109,0.15446995253510284,0.009820960664892965,0.0574369204099845,0.003416763781872,0.11952548477090058,0.007110241016767923,0.1076497730662107,0.0053824886533105,0.2240177784493398,0.011200888922466916,0.1795898097918033,0.0089794904895901,0.3737240597521254,0.018686202987606135,0.0467772162755703,0.0034274563971066,0.09734277902892025,0.007132492210081589,0.0712512425314092,0.0035625621265704,0.1482729095380828,0.007413645476904016,0.1020643824981689,0.0051032191249084,0.2123946532797675,0.01061973266398828,0.0501038435324478,0.0025051921766223,0.10426544710882753,0.005213272355441189,0.0466955730930805,0.002334778654654,0.09717288062740992,0.004858644031370444,0.0606714448492026,0.0030335722424601,0.1262564880844707,0.006312824404223473,0.0600624200009632,0.0030031210000481,0.12498911529178378,0.006249455764589064,0.0656056262349438,0.0087354410353233,0.136524455410514,0.01817833924558973
19819,0.01800560120110996,1,22404.0,150.1189239,2.2683025,0.0,0.3,3.155766028566242,19.0,7.01,3.119753122329712,0.0896251368438902,3.084,DJA,3.084,8.059,False,8.55810479673341,0.7599656805615623,22777.0,0.1220726421449661,0.0556199668725013,0.4556300731694689,0.0,0.22048656695677593,0.5536511535820554,False,0.0065529909639475,0.0014307080123616,0.020679706269527073,0.0045149797422082685,0.0251093397312498,0.0020429065693388,0.07923920132360673,0.006446935151054192,0.0451486668050646,0.0033541149038385,0.14247862893847923,0.010584801869441267,0.0459150788557708,0.0023030158569849,0.14489724605198165,0.007267779204722318,0.0542201795043599,0.0027110089752179,0.1711062005426226,0.00855531002713083,0.059988341872797,0.0047862615332502,0.1893091713921906,0.015104321550464357,0.0870080687714517,0.0043504034385725,0.2745771076401026,0.01372885538200486,0.097100629160099,0.0048550314580049,0.3064268668558491,0.015321343342792294,0.1050122400171279,0.0052506120008564,0.3313940596296967,0.01656970298148485,0.1350192255059123,0.0067509612752956,0.42608908505488274,0.02130445425274409,0.1762466278221011,0.008812331391105,0.5561931207303445,0.027809656036517055,0.10899081119529,0.0054495405597645,0.34394949939597347,0.01719747496979867,0.1366409117118716,0.0068320455855935,0.4312067472926435,0.021560337364631924,0.1186724905914306,0.0059336245295715,0.3745026143337837,0.01872513071668909,0.1220726421449661,0.0061036321072483,0.38523269709840774,0.01926163485492037,0.1225134451284408,0.006125672256422,0.38662376817894784,0.019331188408947268,0.1305456174113631,0.0065272808705681,0.4119714246049854,0.020598571230249097,0.1334808738655805,0.006674043693279,0.42123440720833444,0.021061720360416647,0.1219294340441227,0.0066480217794377,0.38478076583875065,0.02097960128871799
19928,0.05231644511799129,1,23036.0,150.1508331,2.2691512,5.0,0.3,1.7359972024653725,19.0,3.969,5.465246677398682,0.0437355047640339,5.3653,DJA,5.3653,8.642,False,8.8815490209817,1.6995269596077358,23254.0,0.0890129156633949,0.0126267779551506,0.1418533238805383,0.0,0.12595328652841786,0.7067137199576894,False,-0.0052815532907006,0.002589445369818,-0.009168761737328024,0.00449526991794096,0.0017757965230593,0.0017827658252767,0.00308277779617868,0.003094876485331222,0.0134681795682609,0.003065912381015,0.02338072205280221,0.005322415316445989,0.0240930828367507,0.0027608955855033,0.04182552440336569,0.004792907012732725,0.0288879539304375,0.0023279636675672,0.05014940720818806,0.004041338414337688,0.0351821040711975,0.0043728194205186,0.061076034244444445,0.007591202280906541,0.0334173644615292,0.0020309027343157,0.05801245121898045,0.003525641465251331,0.031186329429109,0.0041375476898799,0.05413938064409674,0.007182771214698571,0.0386152683285713,0.0033605718794848,0.06703599779084948,0.005833943381469411,0.0339698662560951,0.0016984933128047,0.058971592788703946,0.002948579639435102,0.0336279069824159,0.0039849372201449,0.058377952446239764,0.006917839866171684,0.0632794004321456,0.0031639700216072,0.10985286212389084,0.005492643106194403,0.0573132799504208,0.002865663997521,0.09949569365804523,0.004974784682902192,0.0745087949389648,0.0037254397469482,0.129347059573109,0.006467352978655381,0.0890129156633949,0.0044506457831697,0.1545261725749397,0.0077263086287469055,0.0533399811041832,0.0026669990552091,0.09259805797641786,0.0046299028988207895,0.1066564588794708,0.0053328229439735,0.18515531423962434,0.009257765711981149,0.0828321432393574,0.0041416071619678,0.14379636893773548,0.007189818446886651,0.0617626943844056,0.0063254702133403,0.10721986466805189,0.010980998594636804
23341,0.07147613075999018,1,26917.0,150.1287597,2.281271,5.0,0.3,1.98410592364062,18.0,4.386,3.187,0.0285350069557123,3.1829,DJA,3.1829,8.023,False,8.32056485371769,0.830296031068036,27000.0,0.1106115756872177,0.4550930866779327,4.114335085188768,0.0,0.1608550102181283,0.6876476868033036,False,,,,,0.0292615367660808,0.0026121851852632,0.05805798843240871,0.005182852099726986,0.0491247710171639,0.0035853584802004,0.09746874917264393,0.007113730998940745,0.0639262192560386,0.0031963109628019,0.12683639030185526,0.006341819515092703,0.0636592836534309,0.0031829641826715,0.12630676179149075,0.006315338089574447,0.083627174821186,0.0041813587410593,0.16592517294004486,0.008296258647002243,0.0899371246489978,0.0044968562324498,0.17844478177128134,0.008922239088563889,0.109764200478816,0.0054882100239408,0.21778380037369538,0.01088919001868477,0.1073177646822929,0.0053658882341146,0.21292981261800745,0.010646490630900285,0.1613485776772499,0.0080674288838624,0.32013266874042023,0.01600663343702082,0.2499081141943931,0.0124954057097196,0.49584416973895185,0.024792208486947485,0.1011260804000497,0.0050563040200024,0.2006448551562962,0.010032242757814641,0.1299623142673731,0.0064981157133686,0.2578589975879388,0.012892949879396832,0.1052988782989502,0.0052649439149475,0.2089241281856598,0.010446206409282972,0.1106115756872177,0.0055305787843608,0.21946508254423142,0.010973254127211403,0.1158952376146316,0.0057947618807315,0.22994842747292774,0.01149742137364623,0.1233961989204883,0.0061698099460244,0.24483112923287711,0.012241556461643826,0.1279877838911056,0.0063993891945552,0.2539413201719781,0.012697066008598748,0.1409823797171115,0.0070491189858555,0.2797239747256721,0.013986198736283456
23887,0.05017855529881274,1,27305.0,150.0939823,2.2822879,0.0,0.5,2.463328781350017,19.0,9.393,3.1817173957824707,0.0248977467405566,3.2592,DJA,3.2592,9.858,False,10.249522381143475,0.9057056590085676,27493.0,0.803363699043274,0.0493165006574249,0.061387514417387705,0.0,0.8907232304612052,0.9019229223732073,False,0.0075116431179738,0.006925371627669,0.018503646687734642,0.01705946725198186,0.0412171792401266,0.0053134401669581,0.10153146390826627,0.013088750091249128,0.0879616501304984,0.0057021387540646,0.21667846442149719,0.014046242508138653,0.0807047095775079,0.0073649344923981,0.19880223389276958,0.018142255107881717,0.1404950106631517,0.0070247505331575,0.3460854034026191,0.017304270170130746,0.1599353571531295,0.0093439797590546,0.3939733684307982,0.02301729427283119,0.2276828385075688,0.0113841419253784,0.5608576891151621,0.02804288445575801,0.338197297332716,0.0169098648666357,0.8330911362944685,0.04165455681472319,0.4981122658737659,0.0249056132936883,1.2270142808703193,0.061350714043515976,0.5075759859052897,0.0253787992952644,1.2503265348026107,0.06251632674013032,0.5330537836034894,0.0266526891801744,1.3130867271579991,0.06565433635789979,0.5966069349327684,0.0298303467466384,1.469639033972905,0.07348195169864521,0.7193714140931725,0.0359685707046586,1.772048308816173,0.08860241544080859,0.7100015393798829,0.0355000769689941,1.748967226757283,0.08744836133786403,0.803363699043274,0.0401681849521637,1.9789489217451097,0.09894744608725549,0.7697905641713142,0.0384895282085657,1.8962472523348655,0.09481236261674325,0.9280753623758554,0.0464037681187927,2.2861547514022913,0.11430773757011439,0.9864404937760592,0.0493220246888029,2.429927259407689,0.1214963629703843,1.0318378425028325,0.0515918921251416,2.5417558551233332,0.12708779275616658
26580,0.023408447503990595,1,30759.0,150.1195477,2.2919087,0.0,0.5,1.5893820228363127,19.0,5.807,3.054006099700928,0.0507446162136883,3.0055,DJA,3.0055,9.079,False,9.280228296495684,1.8023040007455622,30807.0,0.4638066660518646,0.1222781170349121,0.26364027510816007,0.0,0.5016482643876685,0.9245654754093591,False,0.0900571693777561,0.0056096066786798,0.1431352460365304,0.00891580801027619,0.1884406783400058,0.0094220339170002,0.29950422652468534,0.014975211326234123,0.2737650644101501,0.0136882532205075,0.43511727185411775,0.02175586359270588,0.3047268023166895,0.0152363401158344,0.4843273014785412,0.024216365073926938,0.3022614343967676,0.0151130717198383,0.4804088900269399,0.02402044450134687,0.3183841833730221,0.0159192091686511,0.5060340974085014,0.02530170487042506,0.4075913749038934,0.0203795687451946,0.647818403935384,0.03239092019676909,0.4911135388864159,0.0245556769443208,0.7805670298775919,0.0390283514938796,0.4772750804286003,0.02386375402143,0.7585724327809725,0.03792862163904861,0.5254890926202058,0.0262744546310102,0.8352029170071212,0.041760145850355916,0.5880773603112698,0.0294038680155634,0.934679584515765,0.04673397922578811,0.4423698984725236,0.0221184949236261,0.7030947640761539,0.035154738203807566,0.5061151085732103,0.0253057554286605,0.804410255052109,0.04022051275260542,0.4599358876617431,0.0229967943830871,0.7310138315068363,0.03655069157534173,0.4638066660518646,0.0231903333025932,0.7371659770944787,0.03685829885472389,0.4719924832463264,0.0235996241623163,0.7501763677855807,0.037508818389279,0.4769906839625716,0.0238495341981285,0.7581204181505083,0.03790602090752529,0.4943099564111232,0.0247154978205561,0.7856473584288405,0.039282367921441935,0.4735305256776571,0.0236765262838828,0.7526209047762971,0.03763104523881477
26999,0.06023858730261185,1,31364.0,150.0933714,2.2936409,0.0,0.3,2.309163899396812,19.0,5.208,3.287487030029297,0.0191626079288033,3.2988,DJA,3.2988,8.561,False,8.92445475928246,1.525459608643953,31390.0,0.1822775871437073,0.027673396284542,0.1518200713438474,0.0,0.29850727916292286,0.610630292349493,False,0.0320323029275107,0.0039823552074941,0.07396783753475052,0.009195910879720276,0.064508968600502,0.0032254484300251,0.14896178147960168,0.007448089073980085,0.1106439473256468,0.0055321973662823,0.255495008851146,0.012774750442557208,0.0988209307449746,0.0049410465372487,0.22819372578108785,0.011409686289054323,0.1065025783697009,0.005325128918485,0.24593190916399307,0.012296595458199552,0.1278449048521995,0.0063922452426099,0.2952148390065194,0.014760741950325796,0.1358813098508477,0.0067940654925423,0.31377221531032995,0.0156886107655163,0.1686175787631869,0.0084308789381593,0.38936562568364974,0.019468281284182383,0.1709563588037014,0.008547817940185,0.3947662521218357,0.019738312606091622,0.2216682453628659,0.0110834122681432,0.5118683098345647,0.025593415491728014,0.3007806345534324,0.0150390317276716,0.6945517829484514,0.03472758914742253,0.1664363954801917,0.0083218197740095,0.3843289159885894,0.019216445799429275,0.1966697441557645,0.0098334872077882,0.4541426733080985,0.022707133665404867,0.1981524156921386,0.0099076207846069,0.4575664048945568,0.02287832024472777,0.1822775871437073,0.0091138793571853,0.4209088239014053,0.021045441195070118,0.1785423011488914,0.0089271150574445,0.412283436328254,0.020614171816412535,0.2056187711688995,0.0102809385584449,0.4748074434215568,0.023740372171077665,0.2059595591109991,0.0102979779555499,0.4755943786348029,0.023779718931740017,0.238062628567934,0.0119031314283967,0.5497256276845853,0.027486281384229268
29701,0.04684025170372821,2,34630.0,150.1058401,2.3027192,5.0,0.3,1.901856715259552,19.0,4.306,3.5123748779296875,0.0904013545398141,3.4878,DJA,3.4878,7.736,False,8.015177794348945,0.21534866666468638,34726.0,0.0617627535286903,0.0208513792369079,0.33760443059297746,1.0,0.10358934669822517,0.5962268852666536,False,0.0104913489376816,0.004916531082535,0.01995304242926092,0.009350537655101503,0.0472138994979286,0.0027778693776369,0.08979407181372509,0.005283109529972611,0.0876200432673096,0.0043810021633654,0.16664076767926525,0.008332038383963111,0.0640214857496798,0.0032010742874839,0.12175969259392223,0.006087984629695941,0.0818217861246025,0.0040910893062301,0.1556133133956061,0.007780665669780258,0.0889867368292331,0.0052335705399559,0.16924002300771146,0.009953501276199688,0.086667273646152,0.0043333636823076,0.16482873637717138,0.008241436818858569,0.1036566647612929,0.0052715909287272,0.19714012395767308,0.010025810607901163,0.113830513735342,0.0056915256867671,0.21648932694900486,0.010824466347450244,0.1176689017269015,0.005883445086345,0.22378939092652392,0.011189469546326053,0.1090078535412549,0.0054503926770627,0.2073173182734654,0.010365865913673184,0.0644449976823854,0.0042196679209385,0.12256515160713094,0.008025203771602199,0.1131464469917893,0.0056573223495894,0.21518833001909343,0.010759416500954548,0.2104477958007812,0.010522389790039,0.4002415536552867,0.02001207768276422,0.0617627535286903,0.0030881376764345,0.11746390755146024,0.005873195377572984,0.0636909623374462,0.0031845481168723,0.12113108442281527,0.006056554221140745,0.0691910524557566,0.0034595526227878,0.1315914677488566,0.006579573387442773,0.0778374066052889,0.0038918703302644,0.1480355944506569,0.00740177972253276,0.0584366548426198,0.0065182372411809,0.11113814442974108,0.012396753268794792
33361,0.011183034294436223,1,38636.0,150.1186787,2.3144534,0.0,0.3,2.0374545045255883,19.0,4.635,3.5512382984161377,0.0194977988929885,3.4877,DJA,3.4877,8.992,False,9.301087919913078,0.8833274996900641,38826.0,0.1799719362556457,0.0159349838516235,0.08854149254130515,0.0,0.27677872226495026,0.6502376150265087,False,-0.0002067994707482,0.0021600436907969,-0.0004213445132094277,0.004400990747786221,0.0221244925347375,0.0018282863774902,0.04507764697524367,0.0037250503153801783,0.0603099465455055,0.0032621927293057,0.12287877225683762,0.006646569270954522,0.0535802945411884,0.0026790147270594,0.1091674124667521,0.0054583706233375644,0.0642144458962643,0.0032107222948132,0.13083401204695835,0.006541700602347888,0.0798419809844541,0.0039920990492227,0.16267440380702236,0.008133720190351109,0.085160585537889,0.0042580292768944,0.1735108186122086,0.008675540930610329,0.1076724207968831,0.0053836210398441,0.2193776587657841,0.010968882938289093,0.1428082571946621,0.0071404128597331,0.29096532690471305,0.014548266345235643,0.1520120652101278,0.0076006032605063,0.30971766700461234,0.015485883350230434,0.15698765591681,0.0078493827958405,0.31985520670261763,0.015992760335130883,0.1525169155807018,0.007625845779035,0.31074627666624977,0.015537313833312305,0.1775093921742797,0.0088754696087139,0.3616673106810854,0.018083365534054093,0.2169014299713134,0.0108450714985656,0.44192679553309394,0.022096339776654553,0.1799719362556457,0.0089985968127822,0.3666846322122574,0.018334231610612695,0.1795322648296356,0.0089766132414817,0.3657888216848219,0.018289441084240934,0.2062130108929037,0.0103106505446451,0.42014962793553084,0.021007481396776367,0.217793296478343,0.0108896648239171,0.4437439329652769,0.02218719664826374,0.2045737901750326,0.0102286895087516,0.4168097902999927,0.020840489514999574
35799,0.016005565517270972,1,41599.0,150.1571448,2.3227594,0.0,0.3,2.229321890269598,19.0,5.063,3.064467191696167,0.0548838240624755,3.1891,DJA,3.1891,8.191,False,8.539172780492313,1.0527916205180061,41583.0,0.0440216664533615,0.0100997075663566,0.22942583459571383,0.0,0.06867626535237825,0.6410026262710431,False,0.0060467644689629,0.0036777638190295,0.013480184395963416,0.00819891938900398,0.0228266454946804,0.0025859610052374,0.050887940482714916,0.005764939476359311,0.0311302278646707,0.0029814435700047,0.069399298427791,0.006646597415215017,0.0339991280994665,0.0022981172658964,0.07579500052222087,0.005123243127269363,0.0266650819851875,0.0020853901576537,0.05944505097541201,0.004649005928210162,0.0257421104683256,0.0041469717813503,0.05738745036877643,0.009244934970494533,0.0382773226854658,0.0019138661342732,0.08533247336362199,0.004266623668180898,0.0498420059710371,0.0033211057690186,0.11111387496618103,0.007403813790773813,0.0467538894356823,0.0027550714020798,0.10422946917421107,0.006141940985912252,0.0535494111393535,0.0026774705569676,0.11937887446400741,0.005968943723200204,0.0537225988496184,0.0040892427123964,0.11976496561762663,0.009116238293370722,0.0481252993235552,0.0027830280247157,0.1072867832577783,0.00620426529673247,0.0472704142481625,0.0023635207124081,0.10538096924554058,0.005269048462276973,0.0462004824710083,0.0023100241235504,0.10299574691363567,0.005149787345681749,0.0440216664533615,0.002201083322668,0.09813846467062562,0.004906923233531113,0.0441362367242813,0.002206811836214,0.09839387868356124,0.0049196939341779175,0.0436709068345248,0.0022348815402752,0.09735650857413033,0.004982270339894941,0.0468480298368716,0.0023424014918435,0.10443933843134112,0.005221966921566878,0.0485540614507746,0.006416434919998,0.10824263205370706,0.0143042988246418
38195,0.04223333559238432,1,44399.0,150.1778299,2.3305147,0.0,0.3,2.190858960854817,19.0,4.944,3.272812843322753,0.1202742300223111,3.181,DJA,3.181,8.504,False,8.844614420238,0.5317637758725924,44470.0,0.0605687227980423,0.0103956656155014,0.17163422200868017,0.0,0.09701899560331384,0.6242975658673329,False,0.0034789333457758,0.002766946619019,0.007621852294809541,0.006061989794484715,0.0141244124591302,0.0020649853603079,0.030944595602894823,0.004524091680664575,0.0247531720491528,0.0024168972279721,0.054230708793467405,0.005295080949367843,0.0186493671457314,0.0023382948018815,0.040858133125497055,0.005122874119822323,0.0267409690121912,0.0021988204263012,0.05858569158230007,0.004817305434272593,0.0306916774909257,0.0035675971425063,0.06724113665466065,0.007816102168379968,0.0343009407577192,0.0019518176363067,0.07514852342479933,0.004276157158457002,0.0420667477776753,0.0033225176594331,0.09216231132273939,0.00727916758676738,0.0570848673787212,0.002854243368936,0.12506489322588016,0.006253244661293877,0.061172318100382,0.0030586159050191,0.1340199212664832,0.006700996063324161,0.0601929858015775,0.0033324297319204,0.13187434232399284,0.007300883539596824,0.0562595421923255,0.0028129771096162,0.12325672214564598,0.006162836107282135,0.0636058740887224,0.0031802937044361,0.13935149921028067,0.00696757496051399,0.0590337842047119,0.0029516892102355,0.12933469511806261,0.006466734755902923,0.0605687227980423,0.0030284361399021,0.1326975290896224,0.006634876454481089,0.0643131464390754,0.0032156573219537,0.1409010331768164,0.007045051658840667,0.0677473075071466,0.0033873653753573,0.14842479572581893,0.007421239786290882,0.0632628661566043,0.0031631433078302,0.13860001720855547,0.006930000860427741,0.0670739234181833,0.0050860969955379,0.14694950616041663,0.011142921178450971
41512,0.04159030258324275,1,48238.0,150.1811131,2.3418299,0.0,0.3,2.471267670606825,18.0,5.485,3.011,0.0388880525136963,2.9617,DJA,2.9617,8.32,False,8.712919787721669,1.6776633752905081,48115.0,0.0719972181263351,0.0070949857758808,0.09854527661653639,0.0,0.12154854549332583,0.59233302903068,False,,,,,0.0462967271038198,0.0025190547924519,0.11441160494657662,0.006225258669073565,0.0673087567410707,0.0033654378370535,0.16633795448294722,0.008316897724147274,0.0561733967463636,0.0028086698373181,0.13881949932745896,0.006940974966372751,0.0541593944240093,0.0027079697212004,0.13384236049969772,0.006692118024984726,0.0464575643929719,0.0054249854075728,0.11480907693948623,0.01340659105124845,0.0661055863352608,0.003305279316763,0.1633645983568383,0.008168229917841816,0.0856185550105905,0.0051127237998745,0.21158636700174427,0.01263490903537193,0.0874050387400198,0.0043702519370009,0.21600124648634803,0.010800062324317178,0.0854109074764526,0.0042705453738226,0.21107321436374804,0.010553660718187328,0.0841977211823284,0.0042410246218663,0.20807510629665563,0.010480707038265721,0.0752527203102755,0.0038937002852425,0.18596961482800142,0.009622375633952364,0.0805563016487932,0.0040278150824396,0.1990761839283139,0.009953809196415546,0.0781127925378418,0.003905639626892,0.19303761885958648,0.009651880942979101,0.0719972181263351,0.0035998609063167,0.1779243975292396,0.008896219876461844,0.0745857668279647,0.0037292883413982,0.1843213942493681,0.009216069712468319,0.075581660194323,0.0037790830097161,0.18678251332902118,0.009339125666450935,0.0769258865597772,0.0038462943279888,0.19010445648794544,0.009505222824397124,0.0744924787801718,0.0068887430894293,0.1840908545128035,0.01702392808802281
42751,0.032234930708363176,1,49482.0,150.1391629,2.3453099,0.0,0.5,1.6522788967757494,19.0,6.247,3.215381383895874,0.0113455767407631,3.1834,DJA,3.1834,9.179,False,9.397083356003513,1.0422069963765346,49422.0,0.6017392821813583,0.0070410378371086,0.01170114374382243,0.0,0.6426500732971618,0.936340486346002,False,0.10033982574157,0.0050169912870785,0.1657893765789522,0.008289468828947611,0.2393625392084598,0.0119681269604229,0.39549367221279597,0.01977468361063965,0.3384169342320561,0.0169208467116028,0.559159158743173,0.02795795793715864,0.3538197161467433,0.0176909858073371,0.5846088502524498,0.02923044251262238,0.3760322514147639,0.0188016125707382,0.6213101535196872,0.031065507675984372,0.4113308455550671,0.0205665422777533,0.6796332757035625,0.03398166378517803,0.4974019025938511,0.0248700951296925,0.821846666871927,0.041092333343596264,0.636574258347559,0.0318287129173779,1.0517982132983457,0.052589910664917194,0.5462557045280934,0.0273127852264046,0.9025667728351378,0.04512833864175678,0.7409764010394454,0.0370488200519722,1.22429967044632,0.061214983522315886,1.0343440655058622,0.0517172032752931,1.7090248714405694,0.08545124357202845,0.5374664591460346,0.0268733229573017,0.8880444881717785,0.044402224408588875,0.7260856679540276,0.0363042833977013,1.1996960264117638,0.05998480132058806,0.5766675201721191,0.0288333760086059,0.9528155740363962,0.047640778701819715,0.6017392821813583,0.0300869641090679,0.994241117309246,0.049712055865462276,0.5931010482845306,0.0296550524142265,0.9799683457361047,0.048998417286805186,0.6779425334737659,0.0338971266736882,1.1201501412853905,0.056007507064269366,0.6875794024515867,0.0343789701225793,1.1360729365284365,0.05680364682642178,0.8143484075290919,0.0407174203764545,1.3455306883832563,0.06727653441916265
43604,0.20181276871262624,2,50914.0,150.1036778,2.3485642,0.0,0.3,3.659611330326946,19.0,8.098,2.0451245307922363,0.1220713541672801,3.0025,DJA,3.0025,8.538,False,9.101434963520767,0.2108408085434269,50803.0,0.106738639755249,0.0455904256216621,0.4271220405862455,1.0,0.0785149912308416,1.3594682758280794,True,0.0137725399373292,0.0010288453373548,0.05040214320203031,0.003765174053737675,0.0229522643435955,0.0017808945489285,0.08399636664848126,0.006517381869376234,0.0299934167640864,0.0025175881694451,0.10976424782506876,0.009213394189998364,0.023933569964106,0.0024105509359858,0.087587563815815,0.008821679517663859,0.0533113196777248,0.0026655659838862,0.19509870952728356,0.00975493547636403,0.0866364544660759,0.0044521257362143,0.31705575038340594,0.016293049788290048,0.071943871115005,0.0035971935557502,0.2632866058800538,0.013164330294002508,0.0729740182501351,0.0038664783958353,0.26705654400767975,0.014149808145863219,0.0840687264457225,0.0042034363222861,0.30765886382692265,0.015382943191346041,0.0805359514715361,0.0040267975735768,0.2947302805038946,0.014736514025194712,0.098084449315834,0.0049042224657917,0.3589509620451052,0.01794754810225526,0.0924275538518738,0.0046213776925936,0.33824892331072137,0.01691244616553574,0.0918261900123989,0.0045913095006199,0.3360481653901301,0.01680240826950634,0.1013655691986084,0.0050682784599304,0.3709585855442674,0.0185479292772133,0.106738639755249,0.0053369319877624,0.39062193543199547,0.01953109677159959,0.1007621191549301,0.0050381059577465,0.368750192927136,0.018437509646356782,0.1076868819866538,0.0053843440993326,0.39409213344593896,0.01970460667229662,0.1094003426543474,0.0054700171327173,0.4003627335195,0.020018136675974744,0.120563385131073,0.0070706790931537,0.441215130248246,0.025875937322411138
43713,0.20181276871262624,2,50914.0,150.1036778,2.3485642,0.0,0.3,3.659611330326946,19.0,8.098,2.0451245307922363,0.1220713541672801,3.0025,DJA,3.0025,8.538,False,9.101434963520767,0.2108408085434269,50803.0,0.106738639755249,0.0455904256216621,0.4271220405862455,1.0,0.19697668204494434,0.5418846466857146,False,0.0137725399373292,0.0010288453373548,0.05040214320203031,0.003765174053737675,0.0229522643435955,0.0017808945489285,0.08399636664848126,0.006517381869376234,0.0299934167640864,0.0025175881694451,0.10976424782506876,0.009213394189998364,0.023933569964106,0.0024105509359858,0.087587563815815,0.008821679517663859,0.0533113196777248,0.0026655659838862,0.19509870952728356,0.00975493547636403,0.0866364544660759,0.0044521257362143,0.31705575038340594,0.016293049788290048,0.071943871115005,0.0035971935557502,0.2632866058800538,0.013164330294002508,0.0729740182501351,0.0038664783958353,0.26705654400767975,0.014149808145863219,0.0840687264457225,0.0042034363222861,0.30765886382692265,0.015382943191346041,0.0805359514715361,0.0040267975735768,0.2947302805038946,0.014736514025194712,0.098084449315834,0.0049042224657917,0.3589509620451052,0.01794754810225526,0.0924275538518738,0.0046213776925936,0.33824892331072137,0.01691244616553574,0.0918261900123989,0.0045913095006199,0.3360481653901301,0.01680240826950634,0.1013655691986084,0.0050682784599304,0.3709585855442674,0.0185479292772133,0.106738639755249,0.0053369319877624,0.39062193543199547,0.01953109677159959,0.1007621191549301,0.0050381059577465,0.368750192927136,0.018437509646356782,0.1076868819866538,0.0053843440993326,0.39409213344593896,0.01970460667229662,0.1094003426543474,0.0054700171327173,0.4003627335195,0.020018136675974744,0.120563385131073,0.0070706790931537,0.441215130248246,0.025875937322411138
44980,0.025011294665876323,1,52345.0,150.078498,2.3523573,5.0,0.5,1.8135325035780283,19.0,6.831,5.277613162994385,0.006792848709711,5.2545,DJA,5.2545,9.231,False,9.48952534375879,0.35863186271374314,52330.0,0.3138297516637802,0.3788383365737915,1.207146022852728,0.0,0.3502344978677314,0.896056081209625,False,-0.009358543474446,0.0058227469485205,-0.016972022777055874,0.010559740851251708,0.0146602540362167,0.0050748543688076,0.02658684720538997,0.00920341334875754,0.0744301327725291,0.0057281665786556,0.13498146502860978,0.01038821627630128,0.125673937819159,0.0062836968909579,0.22791377108768887,0.011395688554384354,0.1601080647976279,0.0080054032398813,0.2903611795954753,0.014518058979773592,0.1754432988471984,0.0087721649423599,0.3181721249943479,0.015908606249717357,0.1785546719407439,0.0089277335970371,0.3238147012302508,0.01619073506151237,0.1887959289883375,0.0094397964494168,0.34238755376355934,0.01711937768817783,0.2114059386307716,0.0105702969315385,0.38339154115632623,0.01916957705781617,0.2062596436546206,0.010312982182731,0.3740585679440761,0.01870292839720375,0.2075621832208037,0.0103781091610401,0.37642076578454553,0.018821038289227123,0.2554196065426588,0.0127709803271329,0.4632117585162229,0.023160587925811077,0.3262044827486872,0.0163102241374343,0.5915824322776024,0.029579121613880016,0.4413972601501464,0.0220698630075073,0.8004882782725773,0.04002441391362883,0.3138297516637802,0.015691487583189,0.5691404552320862,0.028457022761604295,0.278899230064392,0.0139449615032196,0.5057928189446613,0.025289640947233065,0.5832893361605287,0.0291644668080264,1.0578141701175698,0.052890708505878424,0.4649013774420261,0.0232450688721013,0.8431137589493115,0.04215568794746557,0.3624233771876812,0.018121168859384,0.6572665745863796,0.03286332872931887
45677,0.01637263687573789,1,53417.0,150.1414165,2.3550404,5.0,0.3,1.9252824316074977,19.0,4.382,3.747278213500977,0.4508363585786916,3.7535,DJA,3.7535,7.503,False,7.787494447866049,1.8559767805789371,53165.0,0.0424644596068382,1.147004156885147,27.01092083838601,0.0,0.066018056364058,0.6432249288386653,False,0.0002110666998006,0.0013149247521657,0.0004063630090234689,0.002531601524230465,0.0195652629489612,0.0021288988930902,0.0376686570254161,0.004098731637535211,0.04662719892838,0.0026961947882603,0.08977052693187795,0.005190936458029253,0.0386200324147176,0.00220216474904,0.07435446991616788,0.004239789102832047,0.0397417464434349,0.0019870873221717,0.07651408622894497,0.003825704311447162,0.0455126676997089,0.003712420111323,0.08762473953783957,0.007147457219076523,0.0410366138838958,0.0020518306941947,0.07900707176332492,0.0039503535881660725,0.0444512532897412,0.0031507094778667,0.08558121702167372,0.00606600560483599,0.0521918669288206,0.002609593346441,0.10048408447085466,0.005024204223542676,0.0494783054959142,0.0024739152747957,0.0952597123169923,0.004762985615849596,0.0516435862008631,0.0027937649195513,0.09942848921772912,0.005378786517653452,0.0308917848628032,0.0029061316735688,0.05947541067735343,0.005595124255060106,0.0535714654857802,0.002678573274289,0.10314020133524004,0.005157010066761983,0.1120581554595947,0.0056029077729797,0.21574359802469947,0.010787179901234907,0.0424644596068382,0.0021232229803419,0.08175607804875182,0.004087803902437571,0.0313888876191616,0.0017377868017041,0.06043247388087392,0.003345730399200286,0.0348632899058425,0.0019789691959691,0.06712167956375757,0.0038100746256917234,0.0303697219081521,0.0018478224285362,0.05847029204257057,0.003557580058391047,0.0359644789212274,0.005192341615656,0.06924177942895729,0.009996724091526986
45963,0.04858372934355718,1,53695.0,150.0889137,2.355889,5.0,0.3,1.9188537039857467,19.0,4.36,5.541008949279785,0.0078260056993706,5.5168,DJA,5.5168,9.088,False,9.37104186479609,0.894837021436041,53692.0,0.1204928220296859,0.0334683397241592,0.2777621036704873,0.0,0.1853524986960995,0.6500739017672683,False,0.0070344867539439,0.0038272648593763,0.013498150963443924,0.007343961351548701,0.0055647898970117,0.0023172169292104,0.010678017705783362,0.004446400287553854,0.0151115061799883,0.0029382715192589,0.028996769606274054,0.0056381131880457675,0.0343632458957445,0.0028697232579998,0.06593804166802235,0.005506579103026961,0.0511343450058615,0.0029675267594653,0.09811932731538242,0.005694249714076811,0.0466676619815921,0.0052169697796095,0.0895484160497328,0.010010601785185395,0.0541076537064957,0.0027053826853247,0.1038246717286874,0.005191233586434206,0.0580044956159806,0.003889292546032,0.11130214126054938,0.007462983407837658,0.0611145318662309,0.0033199891584862,0.11726984583887211,0.006370573493953768,0.058208687437458,0.0029104343718729,0.1116939554935149,0.005584697774675744,0.0597536298363029,0.0048795632694053,0.11465847393798305,0.00936316805333116,0.1031155826830387,0.0051557791341519,0.19786371776999734,0.009893185888499799,0.1018923780241728,0.0050946189012086,0.19551656697959988,0.009775828348979918,0.103159377368164,0.0051579688684082,0.19794775336376488,0.009897387668188245,0.1204928220296859,0.0060246411014842,0.23120809785535817,0.011560404892767726,0.0959189577315807,0.004795947886579,0.1840544473256959,0.009202722366284728,0.1283670056925773,0.0064183502846288,0.2463175043427614,0.012315875217137945,0.1223057020401716,0.0061152851020085,0.23468674937836037,0.011734337468917866,0.1040738101043701,0.0087381260786624,0.1997024160066798,0.016767185591935796
46212,0.0574630702587548,1,54019.0,150.1507377,2.3567924,5.0,0.3,2.258264056020684,19.0,5.113,3.367027521133423,0.0216819872391177,3.3726,DJA,3.3726,7.918,False,8.27177472207427,0.6663924147738106,54127.0,0.0923930427853775,0.0082631170434608,0.0894344075522595,0.0,0.14920029273442026,0.6192551039416464,False,0.0171692416503262,0.0012876252725522,0.03877268128806491,0.00290779787062847,0.0456753654697322,0.0026190709360363,0.10314703608590454,0.005914553755019225,0.0831718270788669,0.0041585913539433,0.18782394756577295,0.009391197378288545,0.0884931913017165,0.0044246595650858,0.19984099311922862,0.009992049655961375,0.0883584205319047,0.0044179210265952,0.19953664513396038,0.00997683225669794,0.0900443932967853,0.0045341070845527,0.2033440168283201,0.010239211055194099,0.0883205983376705,0.0044160299168835,0.1994512326322015,0.009972561631610017,0.1063628472319364,0.0053181423615968,0.2401953947999011,0.01200976973999501,0.1040192725156307,0.0052009636257815,0.23490298425546907,0.011745149212773373,0.1560221959831834,0.0078011097991591,0.35233931713023786,0.01761696585651173,0.2287812223212122,0.0114390611160606,0.5166484110604705,0.025832420553023507,0.0828503011450386,0.0041425150572519,0.18709785710632998,0.009354892855316432,0.1167392075919985,0.0058369603795999,0.2636279564333472,0.013181397821667301,0.1529348188446045,0.0076467409422302,0.3453672043108051,0.0172683602155402,0.0923930427853775,0.0046196521392688,0.2086478875485992,0.01043239437742979,0.090594892347002,0.0045297446173501,0.204587189046298,0.0102293594523149,0.1076601216550111,0.0053830060827505,0.24312498300032565,0.012156249150016158,0.1094148727827072,0.0054707436391353,0.24708767439926352,0.01235438371996304,0.1115252592508792,0.005815695385236,0.25185348430464877,0.013133375849243826
46887,0.07416828048003897,1,55001.0,150.0864615,2.359285,5.0,0.3,2.204860775922932,19.0,4.969,3.306562900543213,0.0179988530236276,3.3249,DJA,3.3249,7.155,False,7.49838117151027,0.7826448062034717,55102.0,0.0247859776919746,0.0292991248452186,1.182084693584845,0.0,0.035389327033264806,0.7003800232956279,False,0.0244676320459723,0.0036726039598289,0.053947722177879284,0.008097580416525982,0.0309240674551534,0.00208817148364,0.06818326336386261,0.00460412739767863,0.0437137955176174,0.0028591009632135,0.0963828331035103,0.0063039195681929205,0.0424433929849672,0.0029781935829743,0.09358177238963672,0.006566502214205412,0.0396174944380545,0.0026472112747926,0.0873510595268113,0.005836732305371147,0.0385416984541225,0.0049078462494506,0.08497907915894422,0.010821117689674102,0.0327291517176318,0.0021412979319227,0.07216322285143702,0.0047212638196612545,0.0370714549762272,0.0046594221158741,0.08173739698347635,0.010273377061758638,0.0352291714704227,0.0040319089627574,0.07767541834339821,0.008889797924075906,0.0607968237622189,0.0030398411881109,0.13404853201401573,0.006702426600700686,0.0913337535198688,0.0047965540065075,0.20137821065377176,0.010575733788544376,0.0290028382350409,0.0051505835811083,0.06394722041487956,0.011356319711098361,0.0408520182465183,0.0020426009123259,0.09007301264903612,0.004503650632451773,0.0401370474990844,0.0032863018616429,0.08849660169208681,0.007245838072578941,0.0247859776919746,0.0016785138575134,0.054649630005935604,0.0037008893662743895,0.0260615333853244,0.0028986072008729,0.057462052721707756,0.006391025322012421,0.0279882299611794,0.0033040666286753,0.06171015042891547,0.007285006910602088,0.0219857576783251,0.0029286712002509,0.04847553473388544,0.006457312255008344,0.0551308144691538,0.0095958918891867,0.12155577036772167,0.02115760563646476
46979,0.06624590448149839,1,54440.0,150.1687586,2.3589911,5.0,0.3,3.3570246953924383,19.0,6.786,3.4585161209106445,0.0219240843754742,3.4632,DJA,3.4632,8.104,False,8.629954536074706,0.4427173842322086,54921.0,0.1420798194231033,0.0097232462804374,0.06843509739748672,0.0,0.286873236771811,0.49527038848911015,False,0.0268039089640283,0.0020703009757153,0.08998138432529375,0.006950051502371323,0.0918282585674429,0.0045914129283721,0.30826973174578803,0.015413486587289252,0.1485264422870278,0.0074263221143513,0.49860693467633205,0.024930346733816302,0.1403089578064799,0.0070154478903239,0.4710206363411287,0.023551031817056114,0.146309820966649,0.0073154910483324,0.491165682163487,0.024558284108174185,0.1586191673949718,0.0079309583697485,0.5324884621075074,0.026624423105375064,0.1597728151451826,0.0079886407572591,0.536361286094749,0.026818064304737346,0.1811679535957574,0.0090583976797878,0.6081852942346689,0.03040926471173321,0.1827552499961852,0.0091377624998092,0.6135138874498125,0.030675694372490424,0.2087195009462833,0.0104359750473141,0.7006765190866584,0.03503382595433271,0.1848168234910369,0.0092408411745518,0.6204346405833961,0.031021732029169656,0.1295791895927071,0.0064789594796353,0.4350005394716565,0.021750026973582644,0.1921442920561552,0.0096072146028077,0.6450331335112102,0.032251656675560306,0.2539114334991455,0.0126955716749572,0.8523869526991263,0.04261934763495606,0.1420798194231033,0.0071039909711551,0.476965462520256,0.023848273126012582,0.1349928232078552,0.0067496411603927,0.4531742412095153,0.022658712060475567,0.1644782190640211,0.008223910953201,0.5521574432520862,0.027607872162604123,0.167863767122817,0.0083931883561408,0.563522811692902,0.02817614058464493,0.1334510757236242,0.0066725537861812,0.44799855683089274,0.022399927841544605
47137,0.06494509843571508,1,54890.0,150.1368345,2.359274,5.0,0.3,2.791751688854464,19.0,6.655,4.108795642852783,0.0215338406743345,4.0486,DJA,4.0486,7.945,False,8.390876787534198,0.6053396251473515,54945.0,0.1391668693971633,0.0136795133612823,0.0982957612004825,0.0,0.22604884625935107,0.6156495452203898,False,0.0051268409577581,0.0014729938994546,0.014312866902309412,0.004112233206474702,0.0844836060747385,0.0042241803037369,0.23585724993966642,0.011792862496983253,0.1888411581882834,0.0094420579094141,0.5271976222973731,0.02635988111486846,0.155632110945034,0.0077816055472517,0.43448620857078396,0.021724310428539197,0.153193596204412,0.0076596798102206,0.427678480925356,0.021383924046267797,0.1487351207109928,0.0074367560355496,0.41523152443688666,0.02076157622184422,0.140937289825952,0.0070468644912976,0.39346191689417254,0.019673095844708628,0.1374342617070794,0.0068717130853539,0.38368233222720527,0.019184116611360068,0.1630177637010574,0.0081508881850528,0.4551051171257049,0.02275525585628505,0.1466787293572903,0.0073339364678645,0.409490590402242,0.02047452952011206,0.1362753762124776,0.0068137688106238,0.38044701169046174,0.019022350584522865,0.476404630550766,0.0238202315275383,1.3300034319181877,0.06650017159590939,0.1845393308706522,0.0092269665435326,0.5151879886182159,0.02575939943091077,0.097401705836792,0.0048700852918396,0.27192137676716976,0.013596068838358488,0.1391668693971633,0.0069583434698581,0.38851934267211924,0.01942596713360578,0.095778850747776,0.0047889425373888,0.26739076833164327,0.013369538416582163,0.0943312815484321,0.0047165640774216,0.26334951457464123,0.013167475728732047,0.0986983419537806,0.004934917097689,0.2755412628366024,0.013777063141830035,0.0995394975937461,0.0066056823469246,0.2778895605150655,0.01844142484806287
47218,0.04365918150404772,1,55154.0,150.1288886,2.3600663,0.0,0.3,3.041183318169803,19.0,6.755,4.423,0.0548738318888025,4.3904,DJA,4.3904,8.769,False,9.252042599581824,0.5838819168549729,55226.0,0.0955177051527786,0.0624192402866363,0.653483458242616,0.0,0.16861875535551718,0.5664714162513433,False,0.0008399075843227,0.001613194640903,0.0025543129342464927,0.00490602063087513,0.0074931229878945,0.0019399075302896,0.022787960631779427,0.005899614419908714,0.0458750743510007,0.0029267821518761,0.13951451083606276,0.008900881056202714,0.0438282983223509,0.0024088087791709,0.1332898897217031,0.00732562907587551,0.0528261811132621,0.0026413090556631,0.16065410076426942,0.008032705038213456,0.05660742442492,0.0029592168343747,0.17215355484562456,0.008999520871547591,0.0530312656444215,0.002651563282221,0.16127780041924608,0.008063890020962075,0.0596621600007569,0.003457415334107,0.1814435657202796,0.010514633838070685,0.0534069230165767,0.0031087080375795,0.16242024335279195,0.00945415102494716,0.0654248063458538,0.0032712403172926,0.19896882965350046,0.00994844148267475,0.0876092633026778,0.0043804631651338,0.26643583007324967,0.013321791503662209,0.0862943122334635,0.0043147156116731,0.26243682281734554,0.013121841140867051,0.0913551135099935,0.0045677556754996,0.27782764723610104,0.013891382361804825,0.0871471677114868,0.0043573583855743,0.2650305126699197,0.013251525633495867,0.0955177051527786,0.0047758852576389,0.29048685150049214,0.014524342575024517,0.0999886780683517,0.0049994339034175,0.30408389974732203,0.015204194987365843,0.0898338119233417,0.004491690596167,0.2732010902288703,0.013660054511443257,0.0903801440911436,0.0045190072045571,0.27486258650376905,0.013743129325188208,0.0842043811841726,0.0058487127686468,0.25608095937411696,0.01778700770477537
47283,0.12966526210529486,1,55366.0,150.1349105,2.3603903,0.0,0.3,2.1129288194401714,19.0,4.827,3.7642996311187744,0.0092556628949631,3.7573,DJA,3.7573,7.936,False,8.260884866742304,1.428079850708189,55390.0,0.0366590368475532,0.0125425623316383,0.3421410765317325,0.0,0.059158285351768036,0.6196771361707086,False,0.0010513798481137,0.0013650199349606,0.002221490781258067,0.0028841899596886,0.0214508073844957,0.0022936894958598,0.04532402912296101,0.004846402638649369,0.0247118981855332,0.0032549804860673,0.05221448185928438,0.006877542075726975,0.0260158557251822,0.0028029854050514,0.05496965132413505,0.005922508642803285,0.0313612877350354,0.0022715120041645,0.06626416867011188,0.004799543177303475,0.0334238282669305,0.004049642465376,0.0706221700012165,0.008556606273521696,0.0286306485831964,0.0021048421616724,0.06049452251069958,0.004447381663770362,0.0191907265519058,0.0039920213871415,0.04054863919751747,0.008434857036712805,0.0489209958636426,0.0029491020352896,0.10336658203600387,0.006231242681833062,0.0393635117989122,0.0019681755899456,0.0831722985142948,0.00415861492571472,0.0334343071686208,0.0038477633957023,0.07064431117459401,0.008130050169166366,0.0320460841765701,0.0024774053692634,0.06771109480688062,0.005234581202152457,0.0368604481624066,0.0018430224081203,0.07788350321982941,0.0038941751609914074,0.0547512792428588,0.0027375639621429,0.11568555581345281,0.005784277790672555,0.0366590368475532,0.0018329518423776,0.07745793544811433,0.0038728967724055894,0.0365286872024536,0.0018728351489838,0.07718251592637958,0.003957167360348398,0.0309587269994723,0.0024164113118324,0.06541358649036556,0.005105705100391909,0.0344320752365398,0.0019985505789188,0.0727525240804172,0.004222795115306371,0.0392369044998788,0.0054361361444927,0.08290478630341566,0.011486168726099005
47549,0.06237367636031986,1,55296.0,150.096838,2.3608101,0.0,0.5,1.291,19.0,5.472,3.102325201034545,0.0593542141629933,3.2319,DJA,3.2319,10.023,False,10.13392624226642,2.1734427269812464,55779.0,1.5414577828502656,0.010865600427246,0.007048912106535106,0.0,1.6202117632542041,0.9513927856900873,False,-0.0059009234405708,0.008562748613879,-0.0076180921617769026,0.011054508460517788,0.040269757810235,0.0060365145652662,0.051988257333013384,0.007793140303758664,0.1130647523112893,0.005923534651443,0.14596659523387448,0.007647283235012912,0.1269323709842681,0.0063466185492134,0.16386969094069012,0.008193484547034498,0.210163727006185,0.0105081863503092,0.2713213715649848,0.013566068578249175,0.3355805305715084,0.0167790265285754,0.4332344649678173,0.02166172324839084,0.4109002925415158,0.0205450146270757,0.5304722776710968,0.026523613883554727,0.5723927200450659,0.0286196360022533,0.7389590015781801,0.036947950078909005,0.7038571901477336,0.0351928595073866,0.908679632480724,0.04543398162403609,0.7939274824052334,0.0396963741202616,1.0249603797851563,0.051248018989257724,0.9048340077968836,0.0452417003898441,1.1681407040657767,0.05840703520328873,1.009067556902289,0.0504533778451144,1.3027062159608551,0.06513531079804269,1.2967615897103548,0.0648380794855177,1.674119212316068,0.08370596061580335,1.2920869203186036,0.0646043460159301,1.6680842141313172,0.08340421070656576,1.5414577828502656,0.0770728891425132,1.9900219976596927,0.09950109988298454,1.5284686281013489,0.0764234314050674,1.9732529988788412,0.098662649943942,1.9328887319508792,0.0966444365975439,2.4953593529485847,0.12476796764742917,2.0941031428477768,0.1047051571423888,2.70348715741648,0.13517435787082394,2.351207239042282,0.1175603619521141,3.0354085456035858,0.15177042728017928
47664,0.013495898873967021,1,55850.0,150.1316897,2.3618026,5.0,0.3,2.213432578395335,19.0,5.012,3.5763373374938965,0.0298119240227586,3.5179,DJA,3.5179,8.037,False,8.382066297818453,0.45699311133285053,55860.0,0.1023300050130844,0.0085711388452949,0.0837597813485786,0.0,0.16781696649402988,0.6097715097044422,False,0.0113535953780221,0.0015106404323975,0.025130417891632815,0.003343700747309842,0.0444035912523651,0.0022973142793417,0.09828435547573501,0.005084950268707719,0.0941515776998698,0.0047075788849934,0.2083981693882115,0.010419908469410377,0.0905465909341073,0.0045273295467053,0.20041877423618878,0.010020938711809294,0.0930203945228636,0.0046510197261431,0.20589437169209326,0.010294718584604486,0.0874590502513742,0.0043729525125687,0.19358471110190634,0.009679235555095296,0.0965150426939964,0.0048257521346998,0.21362953980410826,0.01068147699020537,0.1179051890587449,0.0058952594529372,0.26097518662448715,0.013048759331224256,0.1174041072305202,0.005870205361526,0.2598660757814527,0.012993303789072612,0.1202805410926103,0.0060140270546305,0.26623286820140246,0.013311643410070089,0.1180087745553851,0.0059004387277692,0.26120446613739984,0.013060223306869869,0.0961926213361001,0.004809631066805,0.21291588186657012,0.010645794093328496,0.1336317110525965,0.0066815855526298,0.29578478275052905,0.014789239137526396,0.1796571503387451,0.0089828575169372,0.39765898950144685,0.01988294947507222,0.1023300050130844,0.0051165002506542,0.22650056684331893,0.011325028342165902,0.1005111438593864,0.0050255571929693,0.22247464031014608,0.01112373201550726,0.1152688757261037,0.0057634437863051,0.25513988480716115,0.012756994240357868,0.1177522604355573,0.0058876130217778,0.26063668942775453,0.013031834471387584,0.0990910079249334,0.0071751489717536,0.2193312651670779,0.015881708488919205
47750,0.0437607402786233,1,55585.0,150.1294881,2.361691,5.0,0.5,1.6761948075222115,19.0,5.928,3.209,0.0892510158159864,2.9875,DJA,2.9875,8.847,False,9.071324490974094,1.4102307524056539,55951.0,0.6597321380647659,0.0112516705974769,0.017054907512133843,0.0,0.7126298047623436,0.9257711839385968,False,0.02190392397547,0.0031480551166497,0.036715243632044085,0.005276753640321957,0.102232304688692,0.0051116152344346,0.17136125828021417,0.008568062914010709,0.1891163864666819,0.009455819323334,0.31699590501281605,0.01584979525064064,0.1827377530904412,0.009136887654522,0.3063040728684735,0.015315203643423576,0.2525169885365247,0.0126258494268262,0.42326766499606855,0.021163383249803366,0.2714283203461647,0.0135714160173082,0.4549667411787167,0.022748337058935777,0.3946243507558465,0.0197312175377923,0.6614672876587738,0.03307336438293865,0.460445863262558,0.0230222931631279,0.7717969651457819,0.038589848257289096,0.5074306046031475,0.0253715302301573,0.8505525446136523,0.042527627230682485,0.5885949591351747,0.0294297479567587,0.9865998142361281,0.04932999071180635,0.661650324921012,0.0330825162460505,1.1090548390279844,0.05545274195139905,0.56535758646307,0.0282678793231535,0.9476494508226877,0.04738247254113438,0.6527227419613123,0.0326361370980656,1.094090470827212,0.05470452354136057,0.6017102706634522,0.0300855135331726,1.008583631318863,0.050429181565943136,0.6597321380647659,0.0329866069032383,1.1058395841796873,0.05529197920898437,0.6917371469874382,0.0345868573493719,1.1594862139505726,0.05797431069752861,0.7022986447589279,0.0351149322379463,1.1771893416748012,0.0588594670837399,0.7377296895503997,0.0368864844775199,1.2365786749793533,0.061828933748967516,0.7459137054173709,0.0372956852708685,1.2502966798802495,0.0625148339940124
48086,0.1403906321729858,1,55964.0,150.0894476,2.3625926,0.0,0.3,4.880734260654124,19.0,9.151,3.1005353927612305,0.0115143330865796,3.1702,DJA,3.1702,8.28,False,8.968485162445846,0.8243666398087599,56098.0,0.0577006784117889,0.0268687750671386,0.4656578710459149,0.0,0.12671346978050835,0.4553634156789911,False,0.009701776737425,0.0037399253225594,0.04735179411156739,0.018253581654103592,0.0284276472938346,0.0028972787423645,0.13874779209681004,0.014140847620523308,0.040348610907185,0.0031180480107867,0.19693084762450053,0.015218363752611088,0.0364809743800258,0.0035538711450965,0.1780539415186373,0.017345500655822594,0.0324427951368117,0.0032369477767272,0.15834466173561987,0.015798681913820643,0.0316069774050188,0.0052680362706752,0.15426525749639602,0.025711885112653037,0.0447241983974826,0.0024886910938112,0.2182869273988856,0.012146639885749112,0.050540330641154,0.0044896297760039,0.24667392330506777,0.021912689865395137,0.0489440268989563,0.0032662853673298,0.23888278894011306,0.015941870897399797,0.0678410237716054,0.0033920511885802,0.3311140089999254,0.016555700449995926,0.070393472370243,0.0048394488675047,0.3435718323238545,0.02362006389031399,0.0545271684795439,0.0031062323261058,0.26613261933456955,0.015160694535575933,0.0580284873981678,0.0029014243699083,0.2832216265381737,0.014161081326908244,0.0516602800656127,0.0025830140032806,0.2521400988312232,0.012607004941560989,0.0577006784117889,0.0028850339205894,0.2816216779874039,0.014081083899369974,0.0543573886276722,0.0027178694313836,0.2653039689947706,0.013265198449738481,0.0624709117793333,0.0035735617439504,0.30490391941569334,0.017441605236261617,0.062007463066318,0.0031003731533159,0.3026419494040235,0.015132097470201175,0.0571730345494771,0.0071252017005288,0.27904638851119484,0.034776216053841943
48121,0.12028293817478945,1,56037.0,150.0804209,2.3627654,0.0,0.5,2.431391691349277,19.0,9.182,4.414,0.0413173027540233,4.5155,DJA,4.5155,9.631,False,10.016854928275157,0.46118873533847615,56231.0,0.4327561911746979,0.0292058739422607,0.06748805571789193,0.0,0.4824869145118207,0.8969283480207121,False,-0.004463240412275,0.0059364651933639,-0.010851885654899756,0.014433872147129165,0.0001621153231292,0.0049924223918212,0.00039416584969674014,0.01213853432318015,0.0296324858038246,0.0051681313762943,0.07204817977744454,0.012565751688123464,0.0433241828003239,0.0081607850799897,0.10533805809520479,0.019842065038374098,0.048966027695719,0.0083421321887249,0.11905559289774975,0.020282990891803084,0.0549556726912117,0.0135924337198384,0.1336187659739225,0.03304853041163083,0.0719854389055073,0.0067606278525238,0.17502479805298146,0.016437734388930873,0.099719028251059,0.0128205011771878,0.24245601675904865,0.031171660041148044,0.1088538732005596,0.0090240868226404,0.26466640287102833,0.021941089722582366,0.1442889175778865,0.0072144458788943,0.3508228753526539,0.017541143767632633,0.1924772289405465,0.0108751277408432,0.4679875352199774,0.026441695231448188,0.2118193217558503,0.0105909660877925,0.5150157389844136,0.02575078694922064,0.2924925965911746,0.0146246298295587,0.7111640691329578,0.03555820345664781,0.2774441369812012,0.01387220684906,0.6745753694696632,0.033728768473483016,0.4327561911746979,0.0216378095587348,1.0521998076021197,0.052609990380105755,0.5193599341511727,0.0259679967075586,1.262767428714869,0.06313837143574336,0.4143267069141626,0.0207163353457081,1.007390512695202,0.05036952563476003,0.4481699847396135,0.0224084992369806,1.0896767772080285,0.05448383886040124,0.4640769942823172,0.0232038497141158,1.128352948044372,0.056417647402218454
48256,0.024381667925353543,1,56239.0,150.1263662,2.3632273,0.0,0.3,3.7109502763276,19.0,8.262,3.447530031204224,0.0279307234335439,3.4833,DJA,3.4833,9.028,False,9.597485135199978,0.4548497140586862,56348.0,0.1442364533826828,0.0447836684280967,0.31048786473748313,0.0,0.2682880526807665,0.5376178772832215,False,-0.0001544643191457,0.0013476066112411,-0.0005732094078164901,0.00500090112636606,0.0111290475467061,0.0023205748062256,0.041299342068712,0.008611537718401757,0.0299678138921856,0.0034932332286527,0.11120906724414023,0.012963214815145492,0.0315102200779545,0.0022802659299985,0.11693285990542875,0.008461953483028346,0.0395149725125646,0.0024925392651327,0.1466380981645791,0.009249689274701585,0.0602187080333805,0.0043191062481919,0.22346863121656443,0.016027988525215992,0.066832156884377,0.0033416078442188,0.24801081105764836,0.012400540552882231,0.0747539263486969,0.003919240298526,0.2774081036402698,0.014544105868809325,0.1128321995633602,0.005641609978168,0.41871468214830243,0.020935734107415085,0.119436769828391,0.0059718384914195,0.44322391399834354,0.02216119569991699,0.1258231615463495,0.0062911580773174,0.46692349610883793,0.023346174805441617,0.1286947541565418,0.006434737707827,0.47757983349913136,0.023878991674956235,0.1412264272959351,0.0070613213647967,0.5240842493986101,0.0262042124699303,0.1744487729614257,0.0087224386480712,0.6473707222262134,0.03236853611131035,0.1442364533826828,0.0072118226691341,0.5352543065369797,0.02676271532684884,0.1438345134139061,0.0071917256706953,0.5337627272987807,0.026688136364939018,0.1652384329797864,0.0082619216489893,0.613191608526278,0.030659580426313823,0.1714110223904609,0.008570551119523,0.6360977809054773,0.0318048890452737,0.1710528896101951,0.0085526444805097,0.6347687679655879,0.031738438398279195
48586,0.048677744612690844,1,56292.0,150.1781239,2.3638211,0.0,0.3,4.298705622593235,19.0,8.735,3.454394817352295,0.0028800337620373,3.464,DJA,3.464,8.487,False,9.12033770544249,0.4550375262159941,56610.0,0.0758113896437072,0.0342717575747108,0.4520660778779902,0.0,0.15913951606042076,0.4763831857759563,False,0.0095305700191376,0.0028509020728192,0.040969114927785315,0.012255188769890603,0.0193217757050943,0.0028583873190672,0.08305862586197423,0.012287365640023376,0.0341142026288688,0.0029137299608007,0.1466469146510032,0.012525267365212336,0.0410960540476298,0.0031115624519333,0.1766598386009417,0.013375691007175668,0.0403131017256236,0.0028302593985773,0.1732941570521112,0.012166451990061587,0.0558176598732471,0.0050039872195287,0.2399436883371241,0.021510667995972708,0.0537991508306264,0.0026899575415313,0.2312667121663552,0.011563335608317675,0.0626259205803036,0.0049337179981806,0.26921039691862847,0.02120860129906838,0.0722335585984039,0.0036116779299201,0.31051080448687673,0.015525540224343428,0.0858414303753256,0.0042920715187662,0.36900703940585783,0.018450351970292548,0.0742888730347871,0.004074280440282,0.3193459962107542,0.017514132236661872,0.0755678563461279,0.0043995169106272,0.3248439689624179,0.018912228080407163,0.091089769507935,0.0045544884753967,0.39156810434448197,0.019578405217223885,0.1090869442443847,0.0054543472122192,0.4689326605748512,0.02344663302874241,0.0758113896437072,0.0037905694821853,0.3258908469180107,0.016294542345900276,0.0751100575292587,0.0037555028764629,0.3228760266143257,0.016143801330716134,0.087418145761106,0.0043709072880553,0.3757848746999413,0.018789243734997067,0.0875572207326245,0.0043778610366312,0.37638271706196985,0.018819135853098388,0.075546632896285,0.0082609430668722,0.32475273559924733,0.03551136240948613
48688,0.1153567761121332,1,57124.0,150.1277957,2.3651548,5.0,0.3,1.6901420022519364,19.0,3.751,4.373866558074951,0.0875448846324808,4.3877,DJA,4.3877,7.357,False,7.584923194674996,1.4283513168777793,56974.0,0.0362748619801139,0.0187031487891769,0.5155953122421274,0.0,0.05143727027281386,0.7052252537453616,False,0.0033393910632178,0.0018896763849873,0.005644045097889155,0.003193821428930636,0.0060639816872105,0.0022922730844801,0.01024899015044103,0.0038742670207114185,0.0261725591514051,0.0030238864788938,0.044235341528213054,0.005110797548020125,0.0246913927048873,0.0023508933135502,0.04173195990462708,0.003973343532044424,0.0275382212722373,0.0024132295882039,0.04654350443951602,0.004078700688100555,0.0243094702104187,0.0042198929706168,0.04108645665512086,0.00713221835464715,0.0241622376809048,0.0019902404758747,0.04083761277289163,0.0033637890228577125,0.0269188178579342,0.0037737881825879,0.045496624712664094,0.006378237914993809,0.0271218838699626,0.0033569301313502,0.04583983510882309,0.005673688613620083,0.0306018361428987,0.0016517034329263,0.051721448611144485,0.002791613347252454,0.0321101565487265,0.0036148300969486,0.05427072428188774,0.006109576177857268,0.0241560737458944,0.0027311444971636,0.04082719484743139,0.004616022028875445,0.0529186115683829,0.0026459305784191,0.08943996811257916,0.004471998405628882,0.0235164627478027,0.0017365108353857,0.03974616143445433,0.0029349499002509698,0.0362748619801139,0.0018137430990056,0.061309667858482346,0.0030654833929239567,0.0512374538650035,0.0025618726932501,0.08659857286568824,0.004329928643284285,0.0192322294025194,0.0020871856807107,0.0325051987101427,0.003527640185467954,0.0260038191671609,0.0020866064841613,0.04395014699338261,0.003526661261052253,0.0117727786606192,0.0056915105944739,0.019897667697527804,0.009619461111982227
48744,0.027303150439189818,1,56943.0,150.1784569,2.3649747,0.0,0.3,1.9860419305415524,19.0,4.536,3.4494569301605225,0.0048625652678435,3.4562,DJA,3.4562,8.615,False,8.912988413348982,1.9409925835127508,57051.0,0.1676885691158294,0.0099764707670631,0.05949404195924613,0.0,0.24743986573179555,0.6776942293429387,False,0.0104652145246195,0.0029327174208855,0.020784354858006806,0.005824499768308281,0.0299745891332387,0.0025731564384081,0.05953079086936723,0.0051103965805214474,0.0722388196013748,0.0036119409800687,0.14346932474115737,0.007173466237057787,0.0680990586851167,0.0034049529342558,0.13524758597905165,0.006762379298952513,0.0864429206176912,0.0043221460308845,0.17167926494520958,0.00858396324726036,0.0971333745028924,0.0048566687251446,0.19291095461774002,0.009645547730886963,0.1028161324182272,0.0051408066209113,0.20419715011871184,0.010209857505935473,0.1238247041795253,0.0061912352089762,0.24592105453744106,0.012296052726871924,0.1429523146560192,0.0071476157328009,0.28390929097482387,0.014195464548741073,0.1713374708650231,0.0085668735432511,0.3402834014108775,0.017014170070543764,0.1594074521745443,0.0079703726087272,0.31658988405944216,0.01582949420297208,0.1482077177646041,0.0074103858882302,0.29434674191037186,0.014717337095518583,0.1827994986336708,0.0091399749316835,0.3630474691684434,0.01815237345842209,0.225090654598999,0.0112545327299499,0.44703947820665774,0.02235197391033279,0.1676885691158294,0.0083844284557914,0.3330365295365524,0.016651826476827482,0.159662100470066,0.0079831050235033,0.31709562625188914,0.01585478131259446,0.1960038942582607,0.009800194712913,0.3892719525463384,0.019463597627316847,0.1995969662139177,0.0099798483106958,0.39640794410972613,0.01982039720548614,0.183875353721714,0.0091937676860857,0.3651841624844837,0.018259208124224185
49289,0.06095028677706719,2,57869.0,150.1301007,2.367143,0.0,0.3,2.73260221064668,19.0,5.838,3.761130571365357,0.0143531205712229,3.756,DJA,3.756,7.232,False,7.668576415338908,0.24457596027627795,57799.0,0.0217059802908897,0.0302309319108009,1.3927466765225636,1.0,0.03958423783398368,0.5483490772747627,False,0.0028562643188366,0.0017047894506154,0.007805034191844127,0.004658511421438781,0.0135593502922725,0.0023935472286587,0.03705231058359654,0.006540612448319998,0.0209308926312625,0.0031998408442639,0.05719580347499621,0.008743892164753072,0.0270859929800701,0.0020742618707841,0.07401524429490001,0.005668132573564751,0.0235832855493998,0.0023143482639139,0.0644437382266018,0.00632419318217743,0.0177382653404188,0.0037931337939371,0.0484716230822658,0.010365125790591147,0.0223615169458901,0.0018120976443901,0.06110513063975249,0.004951742028968029,0.0234400526900947,0.0041097636896181,0.06405233979862744,0.011230349343485877,0.0283331165839195,0.003117448769572,0.07742313701172854,0.00851874739931022,0.0280183258454942,0.0016959699478291,0.07656293914401646,0.0046344112286281335,0.0225955273312211,0.0039077837509535,0.061744587936022256,0.01067841851658471,0.018999711622138,0.0033389182866672,0.051918653980303715,0.009123935491315417,0.0240489069283354,0.0012024453464167,0.06571609623600558,0.003285804811800087,0.0365995987680053,0.0020205168848671,0.1000121445022328,0.005521268906236781,0.0217059802908897,0.0010852990145444,0.05931380972713846,0.002965690486356691,0.020618227161169,0.0016870686891476,0.056341413120225836,0.004610087629477529,0.0163915149613952,0.0020394709812022,0.04479149001935665,0.0055730629117828855,0.0187145247456264,0.0016675984788559,0.0511393516911007,0.004556883289792674,0.0109643309952521,0.0053934732187716,0.029961155115887806,0.01473821684067894
49296,0.06095028677706719,2,57869.0,150.1301007,2.367143,0.0,0.3,2.73260221064668,19.0,5.838,3.761130571365357,0.0143531205712229,3.756,DJA,3.756,7.232,False,7.668576415338908,0.24457596027627795,57799.0,0.0217059802908897,0.0302309319108009,1.3927466765225636,1.0,0.04833701016054848,0.44905508675018563,False,0.0028562643188366,0.0017047894506154,0.007805034191844127,0.004658511421438781,0.0135593502922725,0.0023935472286587,0.03705231058359654,0.006540612448319998,0.0209308926312625,0.0031998408442639,0.05719580347499621,0.008743892164753072,0.0270859929800701,0.0020742618707841,0.07401524429490001,0.005668132573564751,0.0235832855493998,0.0023143482639139,0.0644437382266018,0.00632419318217743,0.0177382653404188,0.0037931337939371,0.0484716230822658,0.010365125790591147,0.0223615169458901,0.0018120976443901,0.06110513063975249,0.004951742028968029,0.0234400526900947,0.0041097636896181,0.06405233979862744,0.011230349343485877,0.0283331165839195,0.003117448769572,0.07742313701172854,0.00851874739931022,0.0280183258454942,0.0016959699478291,0.07656293914401646,0.0046344112286281335,0.0225955273312211,0.0039077837509535,0.061744587936022256,0.01067841851658471,0.018999711622138,0.0033389182866672,0.051918653980303715,0.009123935491315417,0.0240489069283354,0.0012024453464167,0.06571609623600558,0.003285804811800087,0.0365995987680053,0.0020205168848671,0.1000121445022328,0.005521268906236781,0.0217059802908897,0.0010852990145444,0.05931380972713846,0.002965690486356691,0.020618227161169,0.0016870686891476,0.056341413120225836,0.004610087629477529,0.0163915149613952,0.0020394709812022,0.04479149001935665,0.0055730629117828855,0.0187145247456264,0.0016675984788559,0.0511393516911007,0.004556883289792674,0.0109643309952521,0.0053934732187716,0.029961155115887806,0.01473821684067894
49726,0.09226396028878399,3,58169.0,150.1737259,2.3680319,0.0,0.3,1.7667996406959667,19.0,4.235,3.037214517593384,0.0317994060849663,3.1724,DJA,3.1724,8.127,False,8.374187302266355,0.1620243084794953,58144.0,0.093274117910099,0.0688146136450195,0.7377675092177827,1.0,0.2334012130922467,0.39962996196268463,False,0.0574527820172023,0.0028726391008601,0.10150755462497672,0.00507537773124881,0.084562096650238,0.0042281048325119,0.14940428197813813,0.0074702140989069046,0.1035160953346967,0.0051758047667348,0.18289220004359158,0.009144610002179516,0.0952484939335417,0.004762424696677,0.16828500485861345,0.008414250242930523,0.089158752324624,0.0044579376162312,0.15752565157204637,0.007876282578602319,0.0864577990193557,0.004381532091612,0.15275360824276177,0.0077412893251579285,0.0927258525263536,0.0046362926263176,0.16382800292678873,0.008191400146339296,0.1071117959422946,0.0053555897971147,0.1892450825851458,0.009462254129257237,0.1036004163674831,0.0051800208183741,0.1830411784140217,0.009152058920700987,0.1144016565234303,0.0057200828261715,0.20212480564062005,0.010106240282030976,0.1451562540628314,0.0072578127031415,0.256462017522983,0.012823100876149025,0.084202535481069,0.0042101267740534,0.1487690094336421,0.007438450471682017,0.1036807230755209,0.005184036153776,0.18318306427692835,0.009159153213846338,0.0907289422042846,0.0045364471102142,0.16029986248725517,0.008014993124362704,0.093274117910099,0.0046637058955049,0.16479667800979614,0.00823983390048972,0.0882747094649791,0.0044137354732489,0.15596372496526592,0.0077981862482632,0.0947739896416854,0.0047386994820842,0.16744665084625304,0.008372332542312528,0.1030836449213266,0.0051541822460663,0.18212814680863046,0.00910640734043147,0.0981987777965259,0.0066213208211918,0.17349756532768504,0.011698547247814396
49902,0.15048860599067407,1,58451.0,150.1401605,2.3688793,6.0,0.3,1.9284221462387667,19.0,4.404,2.969512462615967,1.1084408572657076,2.9612,DJA,2.9612,8.039,False,8.324202110331226,1.3339007290771399,58555.0,0.0467461993144798,0.1935570454874038,4.140594279874403,0.0,0.08003366308845727,0.5840817164998874,False,0.0150831531348991,0.0013310929465308,0.029086686540450105,0.002566909116792209,0.0262217472269725,0.0033983739219392,0.050566598065568735,0.006553499532267847,0.0326343317254662,0.0039118128944481,0.0629327680270914,0.007543626617596088,0.0334665491223001,0.0021800415770026,0.06453763448563107,0.0042040404568130995,0.040290474298464,0.002408392920035,0.07769704291962182,0.004644398243840145,0.0456621623595523,0.0033593764003333,0.08805592513931088,0.006478295847954604,0.0463194091913902,0.0023159704595695,0.08932337448537235,0.004466168724268599,0.0506364334268116,0.0041008563151498,0.09764841962680845,0.007908182136677978,0.055122074379673,0.0027561037189836,0.10629862898038195,0.005314931449019,0.0588188090454614,0.002940940452273,0.11342749397865685,0.005671374698932708,0.0529527817789614,0.0032918258398632,0.1021153170874978,0.006348029851153223,0.0463721591190004,0.0034214870795566,0.08942509861398835,0.006598071457286749,0.058639869387921,0.0039835536740681,0.11308242278021557,0.00768197312580373,0.0425434164160156,0.002776862761159,0.08204166639330238,0.005354963645684747,0.0467461993144798,0.0028365252871426,0.0901464060105343,0.005470018182092066,0.046148089988327,0.0027452034271839,0.0889929987401093,0.005293911084911995,0.0558995665649199,0.0027949783282459,0.10779796212893963,0.005389898106446799,0.0443206392684125,0.0027113599589771,0.0854689023006662,0.005228646591316474,0.047361428810184,0.006367414761813,0.09133282819506959,0.01227906364096783
49939,0.05575073069226671,1,58164.0,150.1516299,2.3685766,0.0,0.5,1.8757375108294068,19.0,7.241,3.7258388996124254,0.0325295126001636,3.7439,DJA,3.7439,9.594,False,9.86717206348103,0.9874684209846857,58377.0,0.4038528236028671,0.0098523404678821,0.024395868722637687,0.0,0.44424212588051404,0.9090826827879213,False,-0.0005785555163904,0.001948816233924,-0.0010852182841907508,0.003655467711684543,0.0134039065090227,0.0047200196330258,0.02514221023062432,0.008853517877517744,0.0517563456523537,0.0056185846853627,0.09708131896357232,0.010538990052106456,0.0660157213947308,0.0040937927043857,0.12382816492455997,0.007678880537176018,0.0906261802348637,0.0045313090117431,0.1699909257297204,0.008499546286485861,0.1040102201098918,0.0067264599886504,0.19509587136974715,0.012617073315804701,0.11559734196074,0.005779867098037,0.21683027046793418,0.010841513523396708,0.1191102393457174,0.0071901408083867,0.22341954386463084,0.013486816822436206,0.2305656818718433,0.0115282840935921,0.4324806981969762,0.02162403490984869,0.2607673479511141,0.0130383673975557,0.4891310961514086,0.02445655480757042,0.2863321507388353,0.0143166075369417,0.5370839556972934,0.026854197784864548,0.3108381962820769,0.0155419098141038,0.5830508645648455,0.02915254322824219,0.3533623178174257,0.0176681158908712,0.6628149544437678,0.03314074772218823,0.4049122197875976,0.0202456109893798,0.759509039248798,0.03797545196243975,0.4038528236028671,0.0201926411801433,0.7575218900862695,0.03787609450431337,0.3955013697299957,0.0197750684864997,0.7418567547869631,0.037092837739347996,0.4261311201733589,0.0213065560086679,0.799310126640923,0.03996550633204607,0.4669085393113136,0.0233454269655656,0.8757978613127976,0.043789893065639726,0.4757163642493963,0.0237858182124698,0.892319028937978,0.04461595144689887
50751,0.0135634340520465,1,59428.0,150.1382362,2.3715023,0.0,0.3,1.506,19.0,4.258,3.1676287651062007,0.0092254146681941,3.1588,DJA,3.1588,8.891,False,9.068824971864682,1.0636131427540896,59449.0,0.1369202837654113,0.014852304666996,0.10847410083112886,0.0,0.19283605391591152,0.7100346692694564,False,0.0066144953411014,0.0012691176812893,0.009961429983698708,0.001911291228021686,0.0177712820160627,0.0028098078493563,0.026763550716190423,0.0042315706211305875,0.0375837705735445,0.0036388526775006,0.05660115848375802,0.0054801121323159036,0.0409194074327027,0.0020900063913122,0.06162462759365026,0.003147549625316173,0.0429555243076705,0.0021477762153835,0.06469101960735178,0.003234550980367551,0.0651960568904876,0.0039532900687228,0.09818526167707432,0.005953654843496537,0.0674278977493786,0.0033713948874689,0.10154641401056418,0.005077320700528163,0.1016439345990657,0.0050821967299532,0.15307576550619295,0.007653788275309519,0.1146927400114059,0.0057346370005702,0.1727272664571773,0.008636363322858722,0.1163017544264793,0.0058150877213239,0.17515044216627784,0.008757522108313794,0.1375420732879638,0.0068771036643981,0.2071383623716735,0.010356918118583539,0.1134122847679734,0.0056706142383986,0.17079890086056793,0.008539945043028293,0.1352432806313037,0.0067621640315651,0.20367638063074336,0.01018381903153704,0.1301046425506592,0.0065052321275329,0.19593759168129277,0.009796879584064546,0.1369202837654113,0.0068460141882705,0.2062019473507094,0.010310097367535373,0.1366832716727256,0.0068341635836362,0.20584500713912474,0.010292250356956117,0.1468657113528013,0.00734328556764,0.22117976129731876,0.01105898806486584,0.1522181257361173,0.0076109062868058,0.22924049735859264,0.011462024867929535,0.1436649815652847,0.0071832490782642,0.21635946223731878,0.010817973111865884
50966,0.021368262036676317,1,59323.0,150.1374785,2.3717684,0.0,0.3,3.609591486101357,19.0,7.929,3.696704626083376,0.0245010901621996,3.7141,DJA,3.7141,8.695,False,9.252458053603434,0.7085585775017123,59578.0,0.1036598256649017,0.0221716431503105,0.21388848580533185,0.0,0.1905617729354745,0.543969674862343,False,0.000478440794973,0.0014187773738646,0.0017269758201381056,0.005121206729374902,0.0289244927427721,0.0032506159365086,0.10440560274411066,0.011733395609006832,0.0482519175347089,0.0034131996431326,0.17416971072135,0.012320256372215623,0.0442975690496039,0.0022148784524801,0.15989612809643722,0.007994806404821517,0.0539623655156827,0.0026981182757841,0.19478209513529773,0.00973910475676476,0.0500728429075622,0.0036947311628921,0.18074250744402723,0.01333647014900869,0.0524542783842945,0.0026227139192147,0.18933851666553986,0.009466925833276903,0.0614530157501936,0.0033371324884461,0.2218202824471514,0.012045685018287277,0.0895383602633523,0.0044769180131676,0.3231969028860725,0.01615984514430357,0.0874769074194002,0.00437384537097,0.3157559002515436,0.01578779501257714,0.0910231519043326,0.0045511575952166,0.3285563941519895,0.016427819707599364,0.0942007870946931,0.0047100393547346,0.3400263590810508,0.017001317954052343,0.109618771906507,0.0054809385953253,0.3956789857906143,0.019783949289530534,0.1274270292816162,0.0063713514640808,0.45995951999411017,0.02299797599970547,0.1036598256649017,0.005182991283245,0.3741696241707801,0.0187084812085387,0.1029908158764839,0.0051495407938241,0.37175477213438873,0.018587738606719095,0.1081379990380525,0.0054068999519026,0.390334000651791,0.01951670003258946,0.1124629930892467,0.0056231496544623,0.40594546235642065,0.020297273117820907,0.1123773114700794,0.005959630280696,0.40563618671335894,0.02151183072151212
50970,0.02850350717377942,1,59658.0,150.1869354,2.3722626,0.0,0.3,2.841543050872476,19.0,6.094,3.132261037826538,0.0378328582646701,3.0646,DJA,3.0646,8.438,False,8.891554240220525,0.5099577320817029,59788.0,0.0945668548067665,0.0144234848893547,0.15252156708422812,0.0,0.17642510484927598,0.5360169964901376,False,0.0213541292523527,0.0028965528393519,0.060678677584455484,0.008230679592145332,0.0335443464443779,0.0023702830768244,0.09531770453508087,0.006735261405551005,0.0613109285470068,0.0030655464273503,0.1742176429552861,0.008710882147764191,0.0602401038789331,0.0030120051939466,0.17117484856101844,0.008558742428050766,0.0673739240535938,0.0033686962026796,0.19144590570449943,0.009572295285224717,0.0557411178773736,0.0045001318608835,0.1583907861523145,0.012787318417303335,0.0727886339298319,0.0036394316964915,0.20683203692581437,0.01034160184629045,0.0936894604293787,0.0047186149064095,0.26622263522309286,0.013408147397051194,0.0976427727674198,0.0048821386383709,0.27745614242518196,0.013872807121258844,0.1035547813991665,0.0051777390699583,0.29425536946941994,0.014712768473470925,0.1215670674293041,0.0060783533714652,0.3454380556686848,0.017271902783434226,0.0811793725262594,0.0040589686263129,0.2306746818761804,0.01153373409380882,0.1039083214965462,0.0051954160748273,0.295259968876334,0.014762998443816672,0.0881591722286987,0.0044079586114349,0.2505080832171286,0.01252540416085633,0.0945668548067665,0.0047283427403383,0.26871578911903377,0.013435789455951619,0.0898857542796135,0.0044942877139806,0.2554142404456667,0.01277071202228312,0.0948994524999261,0.0047449726249963,0.26966087978276765,0.013483043989138367,0.0998794109115338,0.0049939705455766,0.2838116460009054,0.014190582300045015,0.0820898709255623,0.0069524772734818,0.23326190227555008,0.01975576348281103
51240,0.05700567270783146,1,59853.0,150.1192927,2.3726305,56.0,0.3,1.7712869152834672,19.0,4.144,3.684,1.064700299237059,3.7177,DJA,3.7177,8.502,False,8.750288914454865,0.3469084821082318,59574.0,0.1767765961418151,0.4076200638130188,2.305848583519589,0.0,0.5112401904097155,0.3457799278263779,False,0.0007902712273059,0.0012908725187386,0.0013997970844519473,0.0022865056017406945,0.0101997999241175,0.0021262692384612,0.01806677214409863,0.003766232880456066,0.0436037768532395,0.0033291573510095,0.07723479939708323,0.005896892854762896,0.0498514478994858,0.0024925723949742,0.08830121737229468,0.0044150608686145745,0.0635384680802059,0.0031769234040102,0.11254485712762495,0.00562724285638108,0.0885193429513978,0.0044259671475698,0.1567931539193007,0.007839657695964878,0.0928622617117023,0.0046431130855851,0.1644857090935672,0.008224285454678333,0.1029468364654183,0.0051473418232709,0.18234838440102233,0.00911741922005109,0.1445151565267086,0.0072257578263354,0.25597780581590107,0.012798890290795001,0.1308267748311639,0.0065413387415581,0.23173175442717703,0.011586587721358685,0.1246439791598916,0.0062321989579945,0.22078024935478116,0.011039012467738916,0.1174871810723423,0.0058743590536171,0.20810350654697934,0.01040517532734894,0.1919179993630528,0.0095958999681526,0.3399418410791562,0.01699709205395774,0.2928795596710205,0.014643977983551,0.518773731799262,0.02593868658996306,0.1767765961418151,0.0088388298070907,0.3131220716743469,0.01565610358371725,0.1707231623067855,0.0085361581153392,0.30239970352982476,0.015119985176491107,0.1807962082602739,0.0090398104130136,0.32024195802428784,0.016012097901214224,0.2021624858433484,0.0101081242921674,0.3580877659355022,0.017904388296775074,0.2048858953799724,0.0102442947689986,0.3629117056126825,0.018145585280634088
51579,0.022639946231839257,1,60484.0,150.1086813,2.3743873,5.0,0.3,1.830112504465667,19.0,4.23,4.552195549011231,0.0304152315436158,4.52,DJA,4.52,7.604,False,7.866477788400804,2.2845014065337086,60673.0,0.0728694384766387,0.0102890372843742,0.14119825127612004,0.0,0.10455434194941304,0.6969527722903694,False,-0.0016747998751819,0.0013096925218473,-0.0030650721940479334,0.0023968846612379175,0.0177128726441288,0.0021174387703863,0.03241654971602796,0.003875151171124374,0.0542675649955153,0.0030809340760551,0.09931574928519586,0.005638455978022815,0.0566194307376933,0.0039099464789174,0.10361992818878026,0.0071556419428582384,0.0617676654131281,0.0038428398349413,0.11304177684421722,0.007032829234584852,0.053596512343769,0.0081672123716237,0.09808764743608012,0.014946917487935231,0.0493007463118994,0.0048906513428906,0.09022591230489671,0.008950442177605893,0.0507962408254087,0.0067741413112289,0.09296283551442987,0.01239744072069746,0.0550065257688617,0.0051252373068113,0.10066813063680673,0.009379760883549297,0.0587134081868708,0.0032150411492985,0.10745214250258911,0.005883887009702854,0.0968732923450648,0.0063121832586011,0.17728902366946125,0.011552005512044713,0.0484342536592912,0.0047002551823673,0.08864013326633081,0.008601995783429949,0.110626693422389,0.0055313346711194,0.20245929496000387,0.010122964748000103,0.0379569748452758,0.0027759526222451,0.06946553429602802,0.0050803056057750155,0.0728694384766387,0.0036434719238319,0.13335927054948807,0.00666796352747434,0.1139338601651191,0.0056966930082559,0.2085117821702272,0.01042558910851126,0.0315651241325712,0.0044516762618453,0.05776772838002954,0.00814706839263606,0.0336902470487141,0.0045726611292407,0.06165694240238921,0.008368484311307503,0.0422918683973741,0.0094027235175534,0.07739887719125071,0.01720804188550788
52096,0.0321198867057621,1,69871.0,150.1124411,2.4052136,5.0,0.3,3.3814359106907026,19.0,7.117,3.568337202072144,0.0139963747591321,3.5399,DJA,3.5399,7.889,False,8.418101160533462,1.3118949521542747,70077.0,0.065723755858097,0.0356302283856582,0.5421210020709527,0.0,0.12931226071987467,0.5082561815269199,False,-0.0016873179937367,0.0028559982234836,-0.005705557656775867,0.009657374953756296,0.0144762152128314,0.0028508113433588,0.04895039397155515,0.009639835851037849,0.0262677889659822,0.0042362282209995,0.0888228449040172,0.014324534232369098,0.0354820730813181,0.0025064631439472,0.11998035610292093,0.008475444483765781,0.0432031309711623,0.0021804380063522,0.1460886185201619,0.007373011375714171,0.0482375789757728,0.0045138512594355,0.163112281793457,0.015263298744171655,0.0522847364801824,0.0026142368240091,0.17679748551508898,0.00883987427575438,0.0620391143630504,0.0044461366521756,0.20978128917466599,0.01503432613950471,0.0606506527173805,0.0034541382950306,0.20508629510538107,0.011679947271308428,0.0705958684155428,0.0035297934207771,0.23871540460671198,0.011935770230335464,0.054452606303966,0.0036105759489852,0.18412799838693356,0.012208931172174716,0.0586086083396458,0.0040077012664851,0.1981812529152849,0.013551784981813328,0.0848428155825698,0.0042421407791284,0.28689054337501024,0.014344527168750208,0.1169112040405273,0.0058455602020263,0.39532774370472695,0.01976638718523613,0.065723755858097,0.0032861877929048,0.22224066824403765,0.011112033412201712,0.0607614800223827,0.0030380740011191,0.20546105053440059,0.01027305252671991,0.0673493302603805,0.003367466513019,0.2277374439034186,0.011386872195170848,0.0748346403407883,0.0037417320170394,0.25304854021196466,0.012652427010598183,0.0670107208617544,0.0071338277673042,0.22659245792320695,0.0241225813930449
53792,0.05586714172778463,1,68544.0,150.1042837,2.4005492,5.0,0.3,1.745650086410984,19.0,3.91,3.286740303039551,0.0225954150736125,3.3045,DJA,3.3045,8.192,False,8.43395719425472,2.3928297129702907,68273.0,0.0691546249489975,0.1200232081157684,1.7355774571012017,0.0,0.12168737221161408,0.5682974633451511,False,0.0173352401876115,0.0016465969257858,0.03026126353145918,0.0028743820657820426,0.0379158887481451,0.0035219783308878,0.06618787446954875,0.006148141777651901,0.0628195676550746,0.0054362870504901,0.10966098370538163,0.009489854959442956,0.0501981020619332,0.0041334336468062,0.0876283212020811,0.007215528802721313,0.0477082629354691,0.0036885688176834,0.08328193331581958,0.006438950475321888,0.0447429385148191,0.0065852039890817,0.07810551448467531,0.011495461912574426,0.0654136775515258,0.0033548516452706,0.11418939187028126,0.005856397064462655,0.0925520773399651,0.0058289219926429,0.16156354180602614,0.010175258180139963,0.0750939163390016,0.0050727963683599,0.13108770154611735,0.008855327418772785,0.1175899871425867,0.0058794993571293,0.205270971216523,0.010263548560826088,0.1834624103118181,0.0091731205155909,0.32026117241399266,0.016013058620699624,0.0587658145019555,0.0052313738656305,0.10258454916335047,0.009132148240586046,0.0838069113128936,0.0079070938346985,0.14629754197519038,0.013803019035801197,0.0799262542041015,0.0045711828709005,0.13952327255789607,0.007979685773587868,0.0691546249489975,0.0045195067484098,0.12071977701793668,0.007889477345896593,0.0619489250633239,0.0038643361248756,0.10814114638985893,0.006745778690310179,0.0681568708750283,0.0038614526013864,0.11897804753249543,0.006740745067282088,0.0746051244373726,0.0037302562218686,0.13023444192080172,0.006511722096040032,0.1008960480883598,0.0091945290549731,0.17612919506397207,0.016050430439322097
53892,0.04290677716314085,1,67660.0,150.111245,2.3976508,0.0,0.5,1.291,19.0,4.058,3.697354316711426,0.0385015674730975,3.6317,DJA,3.6317,9.112,False,9.22292624226642,1.7213964096565764,67721.0,0.3380327683124542,0.0433230618556022,0.12816231418001864,0.0,0.34925981697551833,0.9678547370256135,False,0.0190175043973612,0.0025958420889408,0.02455159817699331,0.003351232136822573,0.1321491630123138,0.0066074581506156,0.1706045694488971,0.008530228472444739,0.1936451992920041,0.0096822599646002,0.2499959522859773,0.012499797614298858,0.2030136092779159,0.0101506804638957,0.2620905695777894,0.013104528478889347,0.207150883550322,0.0103575441775161,0.2674317906634657,0.013371589533173285,0.2327468812923431,0.0123735061990008,0.30047622374841493,0.015974196502910033,0.2113609240620017,0.0105680462031,0.2728669529640442,0.013643347648202098,0.2415172075739979,0.0120758603786998,0.31179871497803124,0.01558993574890144,0.3404417779407024,0.0170220888970351,0.4395103353214468,0.021975516766072314,0.3131985807525396,0.0156599290376269,0.40433936775152857,0.020216968387576327,0.3247420355605483,0.0162371017780274,0.41924196790866786,0.020962098395433372,0.2987343269387245,0.0149367163469362,0.3856660160778933,0.01928330080389463,0.3612182800859571,0.0180609140042978,0.46633279959097057,0.023316639979548456,0.429334650515747,0.0214667325257873,0.5542710338158293,0.027713551690791406,0.3380327683124542,0.0169016384156227,0.43640030389137835,0.021820015194568904,0.332663994125843,0.0166331997062921,0.4294692164164633,0.0214734608208231,0.3484078917755127,0.0174203945887756,0.4497945882821868,0.0224897294141093,0.3745716779482365,0.0187285838974118,0.4835720362311733,0.024178601811558634,0.3901064576029777,0.0195053228801488,0.5036274367654442,0.0251813718382721
53947,0.05126609063363281,1,67456.0,150.1006394,2.3974987,0.0,0.3,1.8303984555156332,19.0,4.12,3.584,0.0170191368428043,3.5347,DJA,3.5347,8.568,False,8.830545640656789,1.1827119162195647,67553.0,0.1028462493925094,0.0235849072652435,0.22932199671407033,0.0,0.15100207028597268,0.6810916512451505,False,0.0062703052515499,0.0013998202234399,0.011477157048048501,0.0025622287749839413,0.0355594962824392,0.0026089637984845,0.06508804707429061,0.004775443307242229,0.06158884476372,0.0034469801422289,0.11273212633250518,0.006309347128528837,0.0620007350714457,0.0033681890068616,0.11348604971560816,0.006165127956044207,0.0622497856276857,0.0035813624432202,0.11394191146909516,0.006555320284711948,0.0638355784268093,0.0057630904559905,0.11684454415937881,0.010548751869641897,0.0657281143434083,0.0032864057171704,0.1203086389781295,0.006015431948906447,0.0790107632021212,0.0050692296832985,0.1446211789342741,0.009278710182963577,0.1011790808020114,0.0050589540401005,0.18519803323049314,0.009259901661524529,0.1011137708856225,0.0050556885442811,0.18507849006040503,0.009253924503020206,0.0978617148650586,0.0048983424884079,0.17912593174311453,0.008965918525368424,0.0935197848758542,0.0046759892437927,0.1711784697969178,0.008558923489845872,0.1109146566496968,0.0055457328324848,0.20301801622565177,0.010150900811282516,0.1280617027221679,0.0064030851361083,0.2344039428733583,0.01172019714366774,0.1028462493925094,0.0051423124696254,0.18824961604362483,0.009412480802181112,0.0996140600892543,0.0049807030044627,0.18233342173501255,0.0091166710867506,0.110750889846754,0.0055375444923377,0.20271825772248056,0.010135912886124027,0.1165723138049602,0.005828615690248,0.21337378314448288,0.010668689157224125,0.1080381974699735,0.0074503881540261,0.19775294978573246,0.013637178970121342
54619,0.11176752985618406,1,66608.0,150.0880131,2.3951004,0.0,0.5,2.408834546379546,18.0,8.974,3.545,0.0469711480187281,3.5326,DJA,3.5326,10.237,False,10.618806970997904,0.584086800426703,66797.0,1.5000178396968842,0.0764794888917732,0.050985719547994024,0.0,1.7371951272584738,0.8634711300762816,False,,,,,0.0212035562402772,0.0068789689076711,0.051075858777681324,0.016570297948268916,0.0661411329421997,0.0087849088765763,0.15932304596785288,0.02116139198869332,0.083943399233315,0.0073016377232773,0.20220576001373947,0.017588437192978458,0.1336085841720938,0.0066827119459393,0.32184097324659894,0.01609754739888187,0.2039870045384407,0.0126379908597679,0.49137094354467725,0.03044282897983786,0.2532820154682397,0.0126641007734119,0.6101144688365344,0.030505723441826515,0.3293919693109631,0.0164695984655481,0.7934507549762392,0.039672537748811826,0.503549829756546,0.0251774914878273,1.2129682257411074,0.06064841128705536,0.5703085451146365,0.0285154272557318,1.3737789255675943,0.06868894627837965,0.6112539489229917,0.0305626974461495,1.4724096287766208,0.07362048143883085,0.82064521622113,0.0410322608110565,1.9767985471545702,0.09883992735772852,1.1475259277758598,0.0573762963887929,2.764200097692731,0.13821000488463633,1.495740508331299,0.0747870254165649,3.6029914088877364,0.1801495704443867,1.5000178396968842,0.0750008919848442,3.613294792447471,0.18066473962237353,1.5200439599704745,0.0760021979985237,3.661534402792447,0.18307672013962228,2.0141980452407595,0.1007099022620379,4.851869834626093,0.24259349173130448,2.3962436340391635,0.1198121817019581,5.772154447215604,0.28860772236078003,2.7209552194087507,0.1360477609704375,6.554330931663537,0.3277165465831767
58782,0.09191562218812359,1,61302.0,150.1801054,2.3783072,0.0,0.5,2.4246304443997797,19.0,9.184,4.948447227478027,0.012792563191452,4.9361,DJA,4.9361,9.92,False,10.304645553994575,0.7906784621376273,61746.0,0.8017643242166519,0.0707698441058349,0.08826763921552531,0.0,0.8990068218845408,0.8918334151635862,False,0.0102290338455502,0.0066921629086286,0.024801626878716766,0.016226021927143886,0.0117166188979196,0.0063111231058639,0.028408470885325655,0.015302141220832507,0.177023777492702,0.0088511888746351,0.4292172402914578,0.02146086201457289,0.2131680834946155,0.0106584041747307,0.5168538250153989,0.025842691250769764,0.256549238884294,0.0128274619442147,0.622037095086451,0.03110185475432255,0.2798608168739319,0.0139930408436965,0.6785590567871268,0.03392795283935611,0.2945337692490935,0.0147266884624546,0.7141355438251717,0.03570677719125841,0.3050776713891863,0.0152538835694593,0.7397006099568127,0.036985030497840604,0.3539600776565552,0.0176980038828277,0.858222380388194,0.042911119019409555,0.3665880764756322,0.0183294038237816,0.8888406107767725,0.0444420305388386,0.3702555148816704,0.0185127757440835,0.8977327935890138,0.044886639679450634,0.6236179489779472,0.0311808974488973,1.5120430647660792,0.07560215323830381,0.6814395157294035,0.0340719757864701,1.6522389958545545,0.08261194979272754,0.6986203781066894,0.0349310189053344,1.6938962378355644,0.08469481189177805,0.8017643242166519,0.0400882162108326,1.9439821897293097,0.0971991094864655,0.737724183631897,0.0368862091815948,1.788708515203871,0.08943542576019343,0.9433371703928948,0.0471668585196447,2.2872440226685553,0.11436220113342767,0.9111858525594472,0.0455592926279723,2.2092889586220044,0.11046444793110008,0.8896318901492118,0.0444815945074605,2.1570285651646994,0.10785142825823474
59457,0.044418366995669534,1,60480.0,150.1319922,2.3757181,5.0,0.5,3.2567697483613784,19.0,11.306,3.1278767585754395,0.1014064988221873,2.9839,DJA,2.9839,8.901,False,9.413787055294721,1.2351355978783927,60916.0,0.8415659836818695,0.0058600897097511,0.006963315798617572,0.0,1.006508129542567,0.8361243779166894,False,0.055802778085184,0.0028600765248731,0.18173679954235056,0.00931461070420525,0.1899484650132179,0.0094974232506608,0.6186184146027278,0.03093092073013608,0.3092202161575555,0.0154610108078777,1.0070590455636932,0.050352952278184405,0.3152257039278864,0.0157612851963943,1.026617536458261,0.051330876822912985,0.3782209629810214,0.018911048149051,1.2317785904326994,0.061588929521634736,0.4388639616677284,0.0219431980833864,1.4292788740054854,0.0714639437002742,0.5779776975421785,0.0288988848771089,1.8823402805829297,0.09411701402914639,0.6657774961300134,0.0332888748065006,2.168284008536012,0.10841420042680039,0.7100857586205006,0.035504287931025,2.3125858174174865,0.11562929087087423,0.7639343971955657,0.0381967198597782,2.4879584345192036,0.12439792172595991,0.8373239279093146,0.0418661963954657,2.7269712379941797,0.1363485618997089,0.7182875200239062,0.0359143760011953,2.3392970658393755,0.11696485329196875,0.868763462056589,0.0434381731028294,2.8293625617075975,0.1414681280853797,0.7627606386169434,0.0381380319308471,2.4841357730884672,0.12420678865442311,0.8415659836818695,0.0420782991840934,2.740786636905098,0.13703933184525466,0.8612245843472481,0.0430612292173624,2.80481017284722,0.14024050864236098,0.8879521037772418,0.044397605188862,2.8918555495755642,0.14459277747877794,0.922189368454647,0.0461094684227323,3.0033584374435796,0.1501679218721788,0.8994815897565365,0.0449740794878268,2.929404430727088,0.1464702215363543
70850,0.027999805295798465,1,71518.0,150.1316655,2.4109668,0.0,0.3,2.5623290557921217,19.0,5.746,3.16915249824524,0.0118430088121786,3.1881,DJA,3.1881,8.879,False,9.287634901340851,0.8946459169197042,71592.0,0.1311039103677749,0.0133939042670631,0.10216250781147788,0.0,0.2241246899044782,0.5849596955322116,False,0.0124056914325714,0.0033943189970373,0.03178746361486909,0.008697362190735846,0.0217268762221097,0.0029655725227406,0.05567140623551065,0.007598772642076982,0.0406751487107873,0.0033021228990984,0.10422311539031576,0.008461125450156348,0.0457284942579555,0.0024005759438598,0.11717144951478257,0.006151065491587563,0.0444645361061286,0.0027156449543749,0.11393277281705119,0.006958375971810077,0.0582770924000787,0.0049992910564366,0.14932508714380388,0.01280982873226919,0.0651498410639405,0.003257492053197,0.16693533073837347,0.008346766536918609,0.1025765571934461,0.0051351298429169,0.2628348929398893,0.013157892401771206,0.1194840629295826,0.0059742031464791,0.3061574861485638,0.015307874307428113,0.119722091907823,0.0059861045953911,0.3067673947156297,0.015338369735781359,0.1284345031878948,0.0064217251593947,0.3290914592845687,0.016454572964228333,0.1222290978965878,0.0061114548948293,0.3131911690036866,0.0156595584501841,0.1314781639452696,0.0065739081972634,0.3368903196791644,0.016844515983958017,0.1258801445129394,0.0062940072256469,0.3225463518328159,0.016127317591640614,0.1311039103677749,0.0065551955183887,0.33593135886331565,0.016796567943165665,0.1306888425502776,0.0065344421275138,0.33486781853441805,0.0167433909267207,0.1371142264570355,0.0068557113228517,0.3513317664133229,0.017566588320665953,0.1377131495295524,0.0068856574764776,0.3528664044042173,0.017643320220210812,0.127941993030715,0.0086485270895096,0.3278294861985542,0.022160372251255722
71380,0.041592745812498326,1,71101.0,150.1148486,2.4093862,0.0,0.3,2.701856686129979,19.0,6.202,3.163205385208129,0.0147386408708309,3.038,DJA,3.038,8.342,False,8.773662309129534,0.3942612306352468,71226.0,0.0699560371881294,0.0162277128663825,0.23197015609592198,0.0,0.12044000881934469,0.5808371974885914,False,0.0212214674226927,0.0035889060902318,0.05733736364549181,0.00969670991578539,0.01838778768857,0.0038494823157554,0.04968116710950136,0.010400749532962843,0.0267392886320531,0.0040025859020171,0.07224572577287201,0.010814413481174494,0.0384993642718684,0.0029422977257507,0.10401976476970125,0.00794966678290456,0.032542023389939,0.0029331700318113,0.08792388347630485,0.007925005062005443,0.0346151113027191,0.0044015141157687,0.093525069914385,0.011892260342785144,0.0432545111921417,0.0024602108433444,0.11686749026977206,0.006647137116379541,0.0594891305085825,0.004118295084582,0.16073110501667254,0.011127043109734105,0.0641973211870431,0.0035832963434334,0.17345196148084616,0.009681553183890636,0.0733708801199162,0.0036685440059958,0.19823760301923674,0.009911880150961809,0.082726467333132,0.0046842882527662,0.223515058883936,0.012656275535496475,0.0636042060541963,0.0031802103027098,0.17184944939351915,0.008592472469675918,0.0749055631811535,0.0037452781590576,0.20238409670933116,0.010119204835466356,0.0652118578823852,0.0032605928941192,0.17619309423448043,0.008809654711723859,0.0699560371881294,0.0034978018594064,0.18901118681190487,0.009450559340595053,0.0652170485552311,0.0032608524277615,0.1762071186886146,0.008810355934430582,0.0696345322889113,0.0034817266144455,0.18814252665032888,0.00940712633251627,0.0760879891715479,0.0038043994585773,0.2055788422773321,0.01027894211386635,0.0743102854881453,0.0068800404140268,0.20077574169437293,0.01858888319348278
15748,0.25241685272466596,1,18264.0,150.1480715,2.2532419,5.0,0.3,1.506,19.0,3.128,5.505162715911865,0.0198314648152382,5.5206,DJA,5.5206,7.922,False,8.099824971864681,0.8754380129338543,18272.0,0.0489249150557899,0.0079584716884517,0.16266705173379498,0.0,0.06049664768105378,0.8087210933360875,False,0.0007863785741105,0.0020891495831529,0.001184286132610413,0.003146259272228267,1.3843105968632696e-05,0.0021374026399411,2.0847717588760838e-05,0.003218928375751297,0.0043107431919503,0.0031882668924346,0.006491979247077151,0.004801529940006508,0.0103518524536061,0.0030340022421162,0.015589889795130787,0.004569207376626997,0.0123659042383849,0.0028825660757777,0.01862305178300766,0.004341144510121216,0.0160690130788421,0.0045552757988726,0.024199933696736203,0.006860245353102136,0.0185396598617649,0.0020737086387487,0.027920727751817937,0.003123005209955542,0.0212732062903439,0.0042347256225206,0.03203744867325792,0.006377496787516024,0.0169911841328287,0.0031800211583908,0.02558872330404002,0.004789111864536544,0.0187532698793673,0.0018393137428549,0.028242424438327154,0.002770006496739479,0.0175610358771145,0.003902684898005,0.02644692003093444,0.005877443456395529,0.0397858139593756,0.002838103318211,0.05991743582281966,0.004274183597225766,0.0271089204919338,0.0013804074021913,0.0408260342608523,0.0020788935477000976,0.0239083984402465,0.0021575764898426,0.03600604805101123,0.0032493101937029556,0.0489249150557899,0.0024462457527894,0.07368092207401959,0.0036840461037008364,0.0162488705976009,0.0022532407937959,0.02447079911998696,0.0033933806354566258,0.043762413137108,0.0023345406800066,0.06590619418448465,0.0035158182640899396,0.0316345244883704,0.0017017891959663,0.04764159387948582,0.002562894529125248,0.0299181845181012,0.0073506307542143,0.04505678588426041,0.011070049915846735
16853,0.01807394788129603,1,19338.0,150.1271788,2.2573313,5.0,0.3,2.290718511464173,19.0,5.154,6.271944522857666,0.2363998330640021,5.8589,DJA,5.8589,8.698,False,9.057971725405622,0.5393208155724863,19422.0,0.0992237040182304,0.1003042371986389,1.0108898694228345,0.0,0.16378786346401952,0.6058062051711639,False,-0.0051648867743439,0.001929035255962,-0.011831301743606052,0.004418876770099183,-0.0020571030135569,0.0024540670335825,-0.004712243953143526,0.005621576782201402,0.0020501372542345,0.0030051856616516,0.0046962873593173,0.006884034425532028,0.0194598075884437,0.0024173727049142,0.044576941472378964,0.005537520404255178,0.0371343000106251,0.0022398376909025,0.08506422844460315,0.005130837661225525,0.0365131784034633,0.0043119875358195,0.08364141368120723,0.00987754966950451,0.0402256622389805,0.0020223224149389,0.092145669126738,0.004632571392049469,0.0617526558861422,0.0039288448675817,0.14145795197046296,0.008999877666840407,0.0492776086969041,0.0029504082804899,0.11288113044268613,0.006758554864495393,0.04039743395231,0.0020198716976155,0.0925391497702078,0.00462695748851039,0.0462310494174778,0.0032553433478392,0.10590232070503136,0.007457075268067009,0.061627288305428,0.0032709074290545,0.14117077013258345,0.007492728197020828,0.0730563812526583,0.0036528190626329,0.16735160491604853,0.008367580245802392,0.0650025150186157,0.0032501257509307,0.1489024644448709,0.00744512322224335,0.0992237040182304,0.0049611852009115,0.2272935755706024,0.011364678778530075,0.102931857237339,0.0051465928618669,0.23578791079295994,0.011789395539647883,0.0729801650774109,0.0036490082538705,0.1671770151125363,0.008358850755626713,0.0878879865787625,0.0043943993289381,0.20132663779128604,0.010066331889564245,0.0904075598023533,0.0064463019352428,0.20709827081555493,0.014766663173548003
17086,0.10475776665024698,1,19796.0,150.1456549,2.2585523,561.0,0.3,1.506,19.0,-99.0,6.804223537445068,0.6688249261725694,5.5045,DJA,5.5045,7.416,True,7.593824971864682,1.1261400522810336,19744.0,0.0605983757628822,0.0080144111993637,0.13225455465545163,0.0,0.06782457734673031,0.8934574771191482,False,0.000626641488169,0.0017921533428483,0.000943722081182514,0.00269898293432954,-0.0015426541737642,0.0018406655037041,-0.002323237185688885,0.0027720422485783746,-0.0011501054981946,0.0028714700048644,-0.0017320588802810675,0.004324433827325787,0.0027224207229636,0.0025702314078642,0.0040999656087831815,0.003870768500243485,0.0120266661821687,0.0023998309302201,0.018112159270346064,0.003614145380911471,0.0081214048731651,0.0043294823708953,0.01223083573898664,0.006520200450568322,0.010076690616635,0.0015913642560069,0.01517549606865231,0.0023965945695463915,0.0142874223219823,0.0036117453140418,0.02151685801690534,0.00543928844294695,0.0129952641977167,0.0028528702245853,0.01957086788176135,0.004296422558225462,0.0100281106118454,0.0016372331615621,0.015102334581439173,0.0024656731413125227,0.0247930624627351,0.0035559261189684,0.03733835206887906,0.00535522473516641,0.0219675709768819,0.0033816239544132,0.03308316189118414,0.00509272567534628,0.0156468992865014,0.0013597102987887,0.02356423032547111,0.002047723709975782,0.0147193448272705,0.0021762816104451,0.02216733330986937,0.00327748010533032,0.0605983757628822,0.0030299187881441,0.09126115389890059,0.004563057694945014,0.009569454390459,0.0021329995574613,0.014411598312031254,0.0032122973335367176,0.051283108678683,0.0025641554339341,0.0772323616700966,0.0038616180835047546,0.0347567785118794,0.0017378389255939,0.05234370843889038,0.002617185421944413,0.008456817662193,0.0061247812573523,0.012735967399262658,0.009223920573572564
18866,0.023661904983219163,1,21526.0,150.1364096,2.2646882,5.0,0.5,2.0684074657465747,19.0,7.874,3.2745909690856934,0.0315848155884135,3.2468,DJA,3.2468,8.75,False,9.065636096653064,1.8040484538497108,21837.0,0.5294284666534423,0.020578235017662,0.03886877324096037,0.0,0.599388113917172,0.883281557242563,False,0.0511022370718288,0.0045095609262302,0.10570024867572207,0.009327609487053586,0.1590016763229847,0.0079500838161492,0.3288802543726819,0.016444012718634025,0.2647904638811946,0.0132395231940597,0.5476945723503617,0.02738472861751802,0.2833761182288766,0.0141688059114438,0.5861372785588924,0.029306863927944557,0.3001240143846392,0.0150062007192319,0.6207787520030201,0.031038937600150883,0.3615261277685642,0.0180763063884282,0.7477833417389482,0.037389167086947395,0.4057488230988264,0.0202874411549413,0.8392538949154988,0.041962694745774895,0.5281896842689275,0.0264094842134463,1.0925114862721759,0.054625574313608635,0.4397896745420456,0.0219894837271022,0.9096642461810235,0.045483212309051,0.6395459639674664,0.0319772981983733,1.3228416465583974,0.06614208232791982,0.9234114930500984,0.0461705746525049,1.9099912261810148,0.09549956130905071,0.4463434752042532,0.0223171737602126,0.9232201763997485,0.046161008819987304,0.6096544112706184,0.0304827205635309,1.2610137357974798,0.06305068678987395,0.5367958149536133,0.0268397907476806,1.1103124712315706,0.055515623561578395,0.5294284666534423,0.0264714233326721,1.0950737930047416,0.054753689650237046,0.5177712595276832,0.0258885629763841,1.0709619387560674,0.053548096937803234,0.6119537606141925,0.0305976880307096,1.265769727146088,0.06328848635730434,0.6349064846539497,0.0317453242326974,1.3132453129091426,0.06566226564545696,0.7474976769052983,0.0373748838452649,1.54612977553914,0.07730648877695696
19650,0.21540791282663727,1,22613.0,150.156157,2.2679745,5.0,0.3,2.42627264773498,19.0,5.489,3.269026279449463,0.0411968157110079,3.1763,DJA,3.1763,8.373,False,8.75793960228222,2.0021529985117805,22579.0,0.07706878766716,0.0978486969411277,1.2696280803547957,0.0,0.12699488920146962,0.606865269553447,False,0.0166724311986565,0.0027285179493323,0.04045186378854359,0.006620128469318897,0.0226166304576015,0.0017691769010996,0.05487411186320838,0.004292505524142493,0.0461518697285711,0.0029106807522771,0.11197701916426006,0.007062105095538603,0.0549521279259765,0.0031804500109186,0.13332884492163033,0.007716638868980216,0.0494873252762734,0.0029575216575288,0.12006974372738605,0.007175753902745947,0.0488463154715013,0.0055698753912797,0.11851447917113757,0.013514036313154103,0.0578865759716856,0.0028943287985842,0.1404486159511337,0.00702243079755649,0.072760736176443,0.0044489553416376,0.1765373840139647,0.010794378656409743,0.078389684730134,0.0039194842365067,0.19019474792529253,0.009509737396264626,0.0858568605450046,0.0042928430272502,0.20831215236074124,0.010415607618036988,0.1125084411023855,0.0056254220551192,0.27297615328601993,0.013648807664300813,0.0736798545635867,0.0041371930085173,0.17876741581672173,0.010037958234965916,0.0795587757359898,0.0039779387867994,0.19303128145551343,0.009651564072775454,0.0792930863940429,0.0039646543197021,0.19238664667235297,0.00961933233361754,0.07706878766716,0.003853439383358,0.18698989151092524,0.009349494575546263,0.0818503134368896,0.0040925156718444,0.19859117670046014,0.009929558835022813,0.0769499349941432,0.0038474967497071,0.1867015225212744,0.009335076126063574,0.0800969217314624,0.0040048460865731,0.19433697036481673,0.009716848518240787,0.0922748807347655,0.0076000072727212,0.22388401919976897,0.01843968976839037
27014,0.04216560485270355,1,31427.0,150.0816055,2.2937498,5.0,0.5,1.291,19.0,4.07,5.742935180664063,0.0290763519060073,5.7331,DJA,5.7331,8.406,False,8.51692624226642,1.5241629300209045,31560.0,0.4453301714092254,0.0110009090016746,0.024702815366995604,0.0,0.45579475954009396,0.977041008234874,False,0.0028122785663814,0.0053961659596153,0.0036306516291983873,0.006966450253863352,0.0027654330110907,0.0044629231903229,0.0035701740173180933,0.005761633838706864,0.0304959159349679,0.0048051419543151,0.03937022747204356,0.006203438263020794,0.0700368210207676,0.0046871679961232,0.09041753593781096,0.006051133882995051,0.1034830048093199,0.0051741502404659,0.13359655920883198,0.006679827960441477,0.1071622416037559,0.0085078420313916,0.13834645391044886,0.010983624062526554,0.1083374083674073,0.0054168704183703,0.1398635942023228,0.006993179710116057,0.1105847183195471,0.008467091899893,0.14276487135053528,0.010931015642761862,0.1356384729554653,0.0067819236477732,0.17510926858550568,0.0087554634292752,0.1300999140622258,0.0065049957031112,0.16795898905433349,0.008397949452716559,0.1312691130291819,0.0083078863238495,0.16946842492067382,0.010725481244089704,0.2222327222771286,0.0111116361138564,0.286902444459773,0.01434512222298861,0.1727878800050139,0.0086393940002506,0.22306915308647293,0.011153457654323524,0.142384464477539,0.0071192232238769,0.18381834364050284,0.009190917182025077,0.4453301714092254,0.0222665085704612,0.5749212512893099,0.028746062564465408,0.1113616391277313,0.0055680819563865,0.1437678761139011,0.007188393805694971,0.1227564566100955,0.0061378228305047,0.15847858548363328,0.007923929274181568,0.2877259024039983,0.0143862951201999,0.3714541400035618,0.01857270700017807,0.1520998376416444,0.0123027550237408,0.1963608903953629,0.015882856735649372
28600,0.02908747419843364,1,32907.0,150.1111977,2.2984243,5.0,0.5,2.396417578018655,19.0,9.025,3.4477472305297847,0.0314760948456673,3.4859,DJA,3.4859,9.501,False,9.880562496533628,0.9674415163834327,33160.0,0.5285803938646316,0.0195838027355003,0.03704980919234714,0.0,0.5900872416967928,0.8957665180909545,False,0.0027336665650339,0.0068300137740746,0.006551006608889115,0.016367565066301906,0.0383927484163427,0.004188794471951,0.09200505717337154,0.010038100703290746,0.0985569736818015,0.00492784868409,0.2361836641673911,0.011809183208369375,0.1136915551523446,0.0056845777576172,0.27245244123935597,0.013622622061967729,0.1578250297968387,0.0078912514898419,0.37821467565646233,0.01891073378282303,0.1897872425115585,0.0094893621255779,0.4548094840383882,0.02274047420191935,0.2158795099708557,0.0107939754985427,0.5173374524282122,0.0258668726214104,0.2697243405390858,0.0134862170269542,0.6463721508873549,0.03231860754436753,0.3816344440845489,0.0190817222042274,0.9145554901815905,0.04572777450907942,0.4094450452078939,0.0204722522603946,0.9812013035688398,0.04906006517844177,0.4025236611244678,0.0201261830562233,0.9646147770870991,0.048230738854354735,0.4313188279424906,0.0215659413971245,1.0336200210117883,0.05168100105058935,0.4913231195781469,0.0245661559789073,1.177415360244033,0.05887076801220154,0.5886976081878662,0.0294348804093933,1.4107652963989417,0.07053826481994706,0.5285803938646316,0.0264290196932315,1.2666993472532273,0.06333496736266117,0.5229513976492881,0.0261475698824644,1.2532099217761776,0.06266049608880887,0.5986054666485429,0.0299302733324271,1.434508662574628,0.0717254331287313,0.618951101013732,0.0309475550506866,1.4832652984033075,0.07416326492016538,0.6121267784427167,0.0306063389221358,1.4669113718360571,0.07334556859180277
42812,0.06456705303452256,1,49622.0,150.0795281,2.3455254,0.0,0.5,2.243541801335919,19.0,8.458,2.992348432540893,0.0322745136801471,2.9944,DJA,2.9944,9.386,False,9.736934165654429,0.6399425721821216,49659.0,0.4095538743438721,0.0191177387537956,0.046679423517658754,0.0,0.45171188701944587,0.9066705705848318,False,0.0066736544058499,0.007429380548792,0.014972622627193876,0.016668125819246843,0.047521457868061,0.0050759797639947,0.10661637718741855,0.011388172783257343,0.0807127163777053,0.004483721436414,0.18108235309275209,0.01005941646814074,0.0812544326060676,0.0053074022068506,0.18229771609554493,0.011907378707571827,0.1198196197276473,0.0059909809863823,0.26882032547915063,0.013441016273957386,0.1381239808326721,0.0087758767733936,0.3098869247650211,0.019689046384481528,0.2062094546193123,0.0103104727309656,0.4626395312691094,0.023131976563455434,0.2667590737730384,0.0133379536886519,0.5984851328954639,0.02992425664477315,0.2988742395794868,0.0149437119789743,0.6705368498390648,0.03352684249195315,0.3400559450659274,0.0170027972532963,0.7629297275481991,0.0381464863774098,0.3341909028770923,0.0167095451438546,0.7497712602309488,0.03748856301154741,0.3525162236213088,0.0176258111810654,0.7908848833434867,0.03954424416717425,0.3859938647796392,0.0192996932389819,0.8659933706923248,0.04329966853461611,0.3726635217559814,0.018633176087799,0.8360861888926019,0.041804309444629935,0.4095538743438721,0.0204776937171936,0.9188512369895554,0.045942561849477766,0.4101325375986099,0.0205066268799304,0.9201494921904567,0.046007474609522626,0.4388298496844173,0.0219414924842208,0.9845331114409481,0.04922665557204726,0.4534645630983591,0.0226732281549179,1.017366702735698,0.050868335136784786,0.4297730753622293,0.0214886537681114,0.9642138596638536,0.048210692983192534
42990,0.12908781798713848,2,50172.0,150.1101228,2.3466742,0.0,0.3,3.3125473370265497,19.0,6.923,3.727627038955688,0.0498318737154139,3.5202,DJA,3.5202,8.597,False,9.11716209315242,0.2745003495303005,50070.0,0.1226575787155151,0.0612143190859794,0.49906674929525846,1.0,0.10479425137385423,1.170460947117541,False,0.0073628772447183,0.0017584151046031,0.024389879409844984,0.005824833272140261,0.0452348406930971,0.0022617420346548,0.149842551078739,0.007492127553936768,0.0818024210998713,0.0040901210549935,0.27097439217670316,0.01354871960883494,0.0804612599240791,0.0040230629962039,0.26653173229530924,0.01332658661476528,0.0809929125704503,0.0040496456285225,0.2682928568532693,0.013414642842663416,0.0781647591893291,0.0039082379594664,0.2589244649019336,0.012946223245096498,0.0826145912795662,0.0041307295639783,0.27366474434266386,0.01368323721713316,0.0901856359572744,0.0045092817978637,0.29874418822831517,0.014937209411415691,0.1121419746679782,0.0056070987333989,0.37147559955531,0.018573779977765468,0.1102126325356125,0.0055106316267806,0.36508456241252885,0.01825422812062636,0.1094327378600239,0.0054716368930011,0.36250112438174664,0.01812505621908702,0.107308685155487,0.0053654342577743,0.3554650992516289,0.017773254962581277,0.1201005530280232,0.0060050276514011,0.39783876710839416,0.01989193835541951,0.1306565063140869,0.0065328253157043,0.43280586205592114,0.02164029310279591,0.1226575787155151,0.0061328789357757,0.40630903574020394,0.020315451787010014,0.121083898668766,0.0060541949334383,0.4010961460920134,0.020054807304600672,0.1330828376193523,0.0066541418809676,0.44084319935992217,0.02204215996799606,0.136355835125184,0.0068177917562592,0.45168515853195956,0.02258425792659798,0.1392180585120439,0.0069609029256021,0.46116640899007744,0.023058320449503556
43129,0.12908781798713848,2,50172.0,150.1101228,2.3466742,0.0,0.3,3.3125473370265497,19.0,6.923,3.727627038955688,0.0498318737154139,3.5202,DJA,3.5202,8.597,False,9.11716209315242,0.2745003495303005,50070.0,0.1226575787155151,0.0612143190859794,0.49906674929525846,1.0,0.24803821257166092,0.49451081526431334,False,0.0073628772447183,0.0017584151046031,0.024389879409844984,0.005824833272140261,0.0452348406930971,0.0022617420346548,0.149842551078739,0.007492127553936768,0.0818024210998713,0.0040901210549935,0.27097439217670316,0.01354871960883494,0.0804612599240791,0.0040230629962039,0.26653173229530924,0.01332658661476528,0.0809929125704503,0.0040496456285225,0.2682928568532693,0.013414642842663416,0.0781647591893291,0.0039082379594664,0.2589244649019336,0.012946223245096498,0.0826145912795662,0.0041307295639783,0.27366474434266386,0.01368323721713316,0.0901856359572744,0.0045092817978637,0.29874418822831517,0.014937209411415691,0.1121419746679782,0.0056070987333989,0.37147559955531,0.018573779977765468,0.1102126325356125,0.0055106316267806,0.36508456241252885,0.01825422812062636,0.1094327378600239,0.0054716368930011,0.36250112438174664,0.01812505621908702,0.107308685155487,0.0053654342577743,0.3554650992516289,0.017773254962581277,0.1201005530280232,0.0060050276514011,0.39783876710839416,0.01989193835541951,0.1306565063140869,0.0065328253157043,0.43280586205592114,0.02164029310279591,0.1226575787155151,0.0061328789357757,0.40630903574020394,0.020315451787010014,0.121083898668766,0.0060541949334383,0.4010961460920134,0.020054807304600672,0.1330828376193523,0.0066541418809676,0.44084319935992217,0.02204215996799606,0.136355835125184,0.0068177917562592,0.45168515853195956,0.02258425792659798,0.1392180585120439,0.0069609029256021,0.46116640899007744,0.023058320449503556
43683,0.026835398074372425,1,50880.0,150.0896832,2.3485354,0.0,0.3,2.0545756185072155,19.0,4.639,3.5684118270874023,0.0426603684952553,3.5249,DJA,3.5249,8.836,False,9.148722130069078,0.8599643663581539,50819.0,0.1701547691980361,0.0786565098914337,0.4622645034409153,0.0,0.2544035314246287,0.6688380788002045,False,0.0136774335506367,0.0039053468101089,0.02810132149689074,0.008023830337864675,0.0380252008963823,0.0019098563229671,0.07812565065054579,0.003923944236020046,0.0823245141994714,0.0041162257099735,0.169141939679685,0.008457096983984107,0.0791529718987548,0.0039576485949377,0.16262576619556837,0.008131288309778337,0.0840945526174378,0.0042047276308718,0.17277861745705983,0.008638930872852809,0.0934252093511056,0.0046712604675552,0.19194915728671388,0.00959745786433553,0.0980826091351461,0.0049041304567573,0.20151813732864426,0.010075906866432203,0.1145416421038985,0.0057270821051949,0.23533446517044937,0.011766723258522419,0.1571217984846592,0.0078560899242329,0.3228186163025848,0.016140930815129115,0.1496223542156338,0.0074811177107816,0.3074104409550915,0.01537052204775439,0.1477797812939882,0.0073889890646994,0.30362473555495684,0.015181236777747822,0.1560613918604493,0.0078030695930224,0.32063993070677954,0.016031996535338842,0.1770884455800533,0.0088544222790026,0.3638416026081194,0.018192080130405835,0.2052495563354492,0.0102624778167724,0.4217007341562371,0.021085036707811734,0.1701547691980361,0.0085077384599018,0.3495958401670075,0.017479792008350366,0.1641989075903892,0.0082099453795194,0.33735907212073296,0.016867953606036528,0.1772071165894031,0.0088603558294701,0.36408542117055315,0.018204271058527545,0.1927226121752262,0.0096361306087613,0.3959631801102416,0.01979815900551206,0.1849887126421928,0.0092494356321096,0.38007329869368683,0.019003664934684257
44361,0.038137444061112045,1,51717.0,150.0767114,2.3509249,561.0,0.3,1.506,19.0,-99.0,7.212168216705321,0.983775407056178,5.1308,DJA,5.1308,8.65,True,8.827824971864683,1.2751344682854144,51661.0,0.0363486684803581,0.0084829089905261,0.23337605874366618,0.0,0.03511115445784441,1.035245609027168,False,-0.000373395915911,0.0028177171673538,-0.000562334249361966,0.004243482054034823,0.0050264323380846,0.0026069489491134,0.007569807101155408,0.0039260651173647805,0.0054096616269958,0.0034130185043626,0.008146950410255675,0.005140005867570076,0.0058771746288976,0.0028609354001866,0.008851024991119786,0.00430856871268102,0.0148143162620103,0.0024563385633737,0.02231036029058751,0.003699245876440792,0.003138206621778,0.0051285981054062,0.004726139172397668,0.007723668746741737,0.0110355243596005,0.0023471277475163,0.016619499685558353,0.0035347743877595476,0.0148281938189363,0.0041016854910874,0.02233125989131807,0.006177138349577624,0.015515311406002,0.0037183854284243,0.02336605897743901,0.005599888455206996,0.0085912594600082,0.0019196048693472,0.01293843674677235,0.002890924933236883,0.0247379856118381,0.0041922329486698,0.03725540633142818,0.006313502820696719,0.0210888448182225,0.0033797234835763,0.03175980029624308,0.0050898635662659075,0.0302821004902052,0.0016637707879696,0.04560484333824903,0.0025056388066822173,0.0439949746994018,0.0030338446702404,0.06625643189729911,0.004568970073382042,0.0363486684803581,0.0018174334240179,0.0547410947314193,0.0027370547365709575,0.0360957924188137,0.0029673583978465,0.054360263382733434,0.004468841747156829,0.1308130202758669,0.0065406510137933,0.19700440853545553,0.009850220426772709,0.0885114693762922,0.0044255734688146,0.13329827288069607,0.006664913644034788,0.0468828207386088,0.0078173432918662,0.07060552803234485,0.011772918997550497
45004,0.10077192187427395,2,52330.0,150.0786024,2.3523369,5.0,0.5,2.5794378397494406,19.0,9.605,5.3199639320373535,0.0169049488544301,5.2528,DJA,5.2528,9.993,False,10.404525066545792,0.28389441708409435,52345.0,0.3788383365737915,0.3138297516637802,0.8284001943996797,1.0,0.43637438272911666,0.8681498079802701,False,-0.0024466740457575,0.0056852498640934,-0.00631104361515975,0.01466474862787288,0.0030945686026468,0.005071720665046,0.007982247351367707,0.013082188196058851,0.0108856935362696,0.0059069011850371,0.028078969819369706,0.015236484432345508,0.0206447883385336,0.0057153345141215,0.05325194823403156,0.01474235011255098,0.047394415728116,0.0048440395812821,0.12225094932191845,0.012494898993203085,0.0377536271748447,0.0079685419593561,0.09738313452258719,0.020554358657594276,0.0581673838641142,0.004244283625396,0.1500391509783272,0.010947865785975383,0.0776889278638494,0.0083276677096569,0.20039376026157782,0.021480701207148564,0.1053292067843437,0.007218590888829,0.2716901416103296,0.01861990648831607,0.1086541954765319,0.0054327097738266,0.2802667432596989,0.014013337162984958,0.135518157631576,0.0087403706883017,0.34956066376801653,0.022545242886842266,0.2239334436750054,0.0111966721837502,0.5776223982007089,0.02888111991003527,0.2845664263366342,0.0142283213168317,0.734021408014986,0.036701070400749276,0.3503983583984375,0.0175199179199218,0.903830784639016,0.04519153923195061,0.3788383365737915,0.0189419168286895,0.9771899405061722,0.04885949702530842,0.3651807865819931,0.0182590393290996,0.9419611392590578,0.047098056962952745,0.7041750752046705,0.0352087537602335,1.8163758347913352,0.09081879173956668,0.6358423251281023,0.0317921162564051,1.6401157535496937,0.08200578767748465,0.5330943261746883,0.0266547163087344,1.3750836770907218,0.06875418385453605
45443,0.04749117855426638,1,52848.0,150.121829,2.35374,56.0,0.5,2.2629616582149907,19.0,8.518,3.2933099269866943,1.17125939509941,3.3301,DJA,3.3301,9.053,False,9.407677195683974,1.3089278629614036,52692.0,0.3028782107872009,0.0074997281884288,0.024761530943201562,0.0,0.3550692183239761,0.8530117373082042,False,0.0382339308645224,0.0025238588035106,0.08652191958925692,0.00571139570309285,0.0921343749926519,0.0046853323060982,0.2084965580119733,0.01060272736469625,0.1538780340682864,0.0076939017034143,0.3482200911380322,0.017411004556901567,0.1667904863792181,0.0083395243189609,0.3774404756312002,0.01887202378156,0.1825392992133498,0.0091269649606674,0.4130794352372444,0.020653971761862015,0.216113572513628,0.0108056786256814,0.4890567284182053,0.024452836420910264,0.2163798423773646,0.0108189921188682,0.4896592869105793,0.024482964345528897,0.2535382943181038,0.0126769147159051,0.5737474389310966,0.028687371946554623,0.2875488818068981,0.0143774440903449,0.6507120943916045,0.03253560471958021,0.3090971388512731,0.0154548569425636,0.6994749738843862,0.03497374869421919,0.343381858664751,0.0171690929332375,0.7770599802849305,0.038852999014246416,0.2908905033568859,0.0145445251678442,0.6582740558354918,0.03291370279177438,0.3023169939238071,0.0151158496961903,0.6841317658763898,0.03420658829381937,0.3190906794250488,0.0159545339712524,0.7220899730326565,0.03610449865163273,0.3028782107872009,0.01514391053936,0.6854017781201936,0.03427008890600958,0.2929423155884743,0.0146471157794237,0.6629172282454329,0.03314586141227161,0.3118143910787344,0.0155907195539367,0.7056240114908303,0.035281200574541476,0.3189960413354397,0.0159498020667719,0.7218758106644643,0.03609379053322302,0.324054275448966,0.0162027137724483,0.7333224005216494,0.03666612002608247
46091,0.05278070728202709,1,53171.0,150.1178071,2.355412,0.0,0.5,1.291,19.0,7.168,2.971506595611572,0.0369952464301416,3.188,DJA,3.188,10.192,False,10.30292624226642,1.8692202778294011,53427.0,1.7871371593151093,0.0216564015765953,0.012117929205218227,0.0,1.958214637819566,0.9126359923981836,False,0.0030112582632362,0.003648152340166,0.0038875344178379337,0.004709764671154306,0.0341317269499397,0.0076965600617956,0.044064059492372146,0.00993625903977812,0.0709988809215128,0.0121113434247156,0.09165955526967301,0.015635744361307838,0.0895384526720512,0.0044769226336025,0.11559414239961809,0.005779707119980827,0.1657420800206661,0.0082871040010333,0.21397302530667991,0.01069865126533399,0.25074717800107,0.0125373589000535,0.32371460679938135,0.01618573033996907,0.3423995103733063,0.0171199755186653,0.4420377678919384,0.0221018883945969,0.4631665010801554,0.0231583250540077,0.5979479528944805,0.02989739764472394,0.5849598486433982,0.0292479924321699,0.7551831645986271,0.03775915822993134,0.6593529199210286,0.0329676459960514,0.8512246196180479,0.04256123098090235,0.776293661181867,0.0388146830590933,1.0021951165857903,0.05010975582928945,0.9786390175895094,0.0489319508794754,1.2634229717080565,0.06317114858540274,1.3712061606262922,0.0685603080313146,1.7702271533685432,0.08851135766842715,1.3546408485412598,0.0677320424270629,1.7488413354667662,0.08744206677333821,1.7871371593151093,0.0893568579657554,2.307194072675806,0.11535970363379022,1.817437151465416,0.0908718575732708,2.3463113625418517,0.11731556812709261,2.3842713821468355,0.1192135691073417,3.0780943543515646,0.15390471771757813,2.664118074246883,0.1332059037123441,3.439376433852726,0.17196882169263622,2.962128880597353,0.1481064440298676,3.8241083848511828,0.19120541924255907
47736,0.07912218783190857,1,55120.0,150.1377884,2.3609751,0.0,0.5,2.585725721764804,19.0,9.63,3.071043968200684,0.0897725071393799,2.9856,DJA,2.9856,9.345,False,9.757582455640485,0.4863600013308665,55691.0,0.8236419347047806,0.1085522138814926,0.1317953947068044,0.0,0.934817926054734,0.8810720373975328,False,0.0810706977017211,0.004053534885086,0.20962658832875902,0.01048132941643781,0.2523559473233699,0.0126177973661684,0.6525232640343616,0.03262616320171783,0.3604137137537003,0.018020685687685,0.9319310101297201,0.04659655050648597,0.3552571154767275,0.0177628557738363,0.9185974613281436,0.04592987306640699,0.4147659403698205,0.020738297018491,1.0724709605262117,0.05362354802631052,0.457211429914236,0.0228605714957118,1.182223354614106,0.0591111677307053,0.5865993939775944,0.0293299696988797,1.516785141379512,0.07583925706897554,0.6879550309475183,0.0343977515473759,1.7788630189384997,0.08894315094692495,0.7170012229296684,0.0358500611464834,1.8539685046660639,0.09269842523330314,0.7609338288632274,0.0380466914431613,1.9675661738526244,0.09837830869263105,0.7815874438555837,0.0390793721927791,2.020970757385787,0.10104853786928915,0.7039998520345568,0.0351999926017278,1.8203505255243697,0.09101752627621837,0.8274877953634501,0.0413743897681725,2.1396564769177235,0.10698282384588616,0.751071626095581,0.037553581304779,1.942065222483061,0.09710326112415293,0.8236419347047806,0.041182096735239,2.1297121360902787,0.10648560680451385,0.8298761355361939,0.0414938067768096,2.1458320695347113,0.1072916034767353,0.883141658543086,0.0441570829271543,2.2835621024568873,0.11417810512284435,0.902041391432047,0.0451020695716023,2.332431627922358,0.11662158139611777,0.8966706390263319,0.0448335319513166,2.31854433528167,0.1159272167640835
48146,0.04551743333501463,1,55579.0,150.0794808,2.3625615,0.0,0.5,2.8277107408813102,19.0,9.994,2.984696388244629,0.0433862877884814,3.1552,DJA,3.1552,10.136,False,10.587434981481238,0.8968912590420371,56107.0,1.379220866695404,0.0140480444596481,0.010185492982938287,0.0,1.6375436248595463,0.8422498465124562,False,-0.0013553317921953,0.0059340436091257,-0.0038324862662485657,0.01677975885038284,0.0205153880255842,0.0050837748676309,0.05801158307329226,0.014375444797422358,0.0498115548237741,0.0060053846645468,0.14085266859518425,0.01698149071906289,0.072287588580954,0.0078640227030001,0.20440839066277275,0.02223718146380786,0.1167872997571945,0.0078400790438078,0.3302407019219441,0.022169475721533785,0.1496019342263221,0.0122380869358903,0.4230309962683903,0.03460576987645624,0.2351653445820808,0.011758267229104,0.6649795707578043,0.033248978537890106,0.3344466907730699,0.0167223345386534,0.9457184997512199,0.047285924987560735,0.4339243770205021,0.0216962188510251,1.2270126216311048,0.06135063108155524,0.4788972367033481,0.0239448618351674,1.3541828600044368,0.06770914300022181,0.5232843647850156,0.0261642182392507,1.4796968188378423,0.07398484094189188,0.7668986004611611,0.038344930023058,2.1685674096908696,0.10842837048454333,0.9994506562023996,0.0499725328101199,2.826157355524399,0.14130786777621973,1.034544809448242,0.0517272404724121,2.925393469599802,0.14626967347999012,1.379220866695404,0.0689610433347702,3.9000376588022236,0.19500188294011117,1.4329566353845595,0.0716478317692279,4.051986869094063,0.2025993434547029,1.889713392381549,0.0944856696190774,5.343562856824564,0.26717814284122804,2.184011568826913,0.1092005784413456,6.175752971380903,0.308787648569045,2.337769181229591,0.1168884590614795,6.610535023464221,0.3305267511732109
48525,0.030168832315923835,1,56304.0,150.0815027,2.3637096,0.0,0.5,2.467890799387086,19.0,9.463,3.917581796646119,0.0616903599228041,3.9374,DJA,3.9374,10.07,False,10.462325938881122,1.2442389425861209,56676.0,0.945680882577896,0.0508808875928306,0.05380344313837763,0.0,1.0398146400195287,0.9094706365743563,False,0.0020555820573108,0.0068198349006399,0.005072952046622501,0.01683060780462815,0.0246568022810983,0.0045346077048209,0.06085029549182901,0.01119091663355729,0.0762147785195112,0.0063114166072519,0.1880897506856262,0.015575886976135822,0.0608438363393926,0.0086761867929764,0.15015594390140063,0.021411881560150208,0.0923311400460743,0.0083959200275206,0.22786317101662731,0.020720213788307858,0.1456527565905094,0.0112083954095604,0.35945509789508495,0.027661095907146563,0.166186912553215,0.0083093456276607,0.4101311524686255,0.020506557623431152,0.1897903153378844,0.0167803033321292,0.46838177303513867,0.04141195620428611,0.2934999278173446,0.0146749963908672,0.7243257714811986,0.036216288574059854,0.3555046591682434,0.0177752329584121,0.8773466775005498,0.043867333875027316,0.4067013042141795,0.0203350652107089,1.003694406768902,0.05018472033844491,0.6381622329087138,0.0319081116454356,1.5749147031117334,0.07874573515558644,0.629274178599751,0.0314637089299875,1.5529799556581914,0.07764899778290944,0.6514070178527832,0.0325703508926391,1.6076013860150629,0.08038006930075299,0.945680882577896,0.0472840441288948,2.3338371492702485,0.11669185746351245,0.8550508728322983,0.0427525436416149,2.1101721820707264,0.10550860910353627,1.0528827428301573,0.0526441371415078,2.5983996338639845,0.12991998169319907,1.2486500878713132,0.0624325043935656,3.08153206351149,0.15407660317557437,1.3870816978397371,0.0693540848919868,3.423166160096905,0.17115830800484513
48648,0.050254269409559356,1,56875.0,150.0783087,2.364763,0.0,0.3,2.4759728928155007,19.0,5.511,3.4066977500915527,0.0078184262774097,3.417,DJA,3.417,8.69,False,9.083745885677203,1.8023090290611368,57232.0,0.1409622927400589,0.0176480969018554,0.1251972889969896,0.0,0.24832961667945241,0.5676418891348555,False,0.0178079560065031,0.0028724660476192,0.04409201634855265,0.007112148069438018,0.0427356850774383,0.0029826474911204,0.10581239780763714,0.0073849543368382725,0.0843031585214197,0.0042151579260709,0.20873233527776328,0.010436616763887954,0.0824751859709107,0.0042398794480853,0.20420632479389217,0.010497826582264749,0.0845731650199437,0.0042286582509971,0.20940086404899272,0.010470043202449427,0.0890664321647167,0.0067207999491022,0.22052607169962918,0.016640518492012844,0.0972400841964948,0.0048620042098247,0.24076381256561807,0.012038190628280805,0.1255439806899547,0.0063405649757219,0.3108434930444805,0.0156990670050228,0.1368955458027839,0.0068447772901391,0.33894966055487574,0.01694748302774355,0.1600002771549463,0.0080000138577473,0.39615634907861424,0.019807817453930676,0.1680995037395954,0.0084049751869797,0.4162098145549761,0.02081049072774863,0.1221490875991463,0.0061074543799573,0.3024378297776323,0.015121891488881576,0.1526172963736295,0.0076308648186814,0.3778762887958961,0.018893814439794616,0.1792546451202392,0.0089627322560119,0.44382964222897464,0.022191482111448585,0.1409622927400589,0.0070481146370029,0.34901881573350907,0.017450940786675345,0.1377231697111129,0.0068861584855556,0.34099883491734434,0.017049941745867107,0.1491473553597092,0.0074573677679854,0.36928480890576065,0.018464240445287883,0.1567302817346334,0.0078365140867316,0.38805992905828873,0.01940299645291426,0.1420503506254434,0.0098383023051414,0.3517128175635353,0.02435936981885436
49482,0.07366497543634483,2,57866.0,150.0794915,2.3678146,0.0,0.5,2.1039194029233705,19.0,7.986,3.425993204116821,0.0061861466754503,3.4182,DJA,3.4182,8.96,False,9.28302909882007,0.2695472612785611,58049.0,0.3250353032266617,0.1058843495710373,0.3257626126144193,1.0,0.1346530025846242,2.4138734152800607,True,0.0747220990285802,0.0055814690547481,0.1572092739733914,0.011742961041100891,0.1927281319291591,0.0096364065964579,0.405484456254933,0.020274222812746535,0.2797159937885999,0.01398579968943,0.5884999066398283,0.029424995331991426,0.2886748981300354,0.0144337449065017,0.6073487193127088,0.0303674359656353,0.2642809053200364,0.0132140452660018,0.5560257245249788,0.027801286226248896,0.2680030432172775,0.0134001521608638,0.5638568026673408,0.02819284013336688,0.2833725390304684,0.0141686269515234,0.5961929831218625,0.029809649156093087,0.3402823042297125,0.0170141152114856,0.7159265423403655,0.03579632711701822,0.3440182969725609,0.017200914848628,0.7237867699612252,0.036189338498061156,0.4163589907999515,0.0208179495399975,0.8759857593256111,0.043799287966280395,0.3902071519551277,0.0195103575977563,0.8209643981578612,0.041048219907892876,0.3045111508263587,0.0152255575413179,0.6406669186301011,0.032033345931504975,0.3720580315395712,0.0186029015769785,0.7827801115695792,0.03913900557847884,0.442775112802124,0.0221387556401062,0.9315631509559728,0.04657815754779864,0.3250353032266617,0.016251765161333,0.6838480810936548,0.03419240405468256,0.3103740188164711,0.0155187009408235,0.6530019203512768,0.032650096017563725,0.3641277324352741,0.0182063866217637,0.7660954014130626,0.038304770070653124,0.3687593259809733,0.0184379662990486,0.7758399009403139,0.038791995047015554,0.3272999691917658,0.0184523864678703,0.6886127557587775,0.038822333919992964
49540,0.07035060731379089,1,57806.0,150.1111859,2.3675923,0.0,0.3,2.528002363490739,19.0,5.658,3.686,0.0590010834103042,3.5651,DJA,3.5651,8.39,False,8.792777475642986,0.3453265776784515,58011.0,0.0751842048686027,0.0258784743445014,0.34420094472939466,0.0,0.1326158278994054,0.5669323644054993,False,0.0044950907768044,0.0011137876055219,0.011363600107866944,0.002815657699186054,0.0229122079618263,0.0022818803499925,0.057922115880288214,0.005768598917984115,0.0514620527303874,0.0027555652556961,0.13009619093250438,0.006966075479152703,0.0543551170058107,0.0031237113412706,0.13740986425850513,0.007896749653594904,0.0571709020560967,0.0028585451028048,0.14452817552071,0.007226408776035412,0.0461416220706224,0.0043891160090346,0.11664612964982987,0.011095695644474508,0.050602461164292,0.0025301230582146,0.12792314142177852,0.006396157071088925,0.0679518263729918,0.0039105991520947,0.1717823776744356,0.009886003899160284,0.0755778808103704,0.0037788940405185,0.19106106131623773,0.009553053065811837,0.0730695433183288,0.0036534771659164,0.18471997820792413,0.009235998910396106,0.0753202069575369,0.0037660103478768,0.19040966120726488,0.009520483060363131,0.067687153646034,0.0034690576773862,0.17111328439513476,0.008769786007518007,0.0831759936246013,0.00415879968123,0.21026910846868274,0.010513455423433972,0.1010621344665527,0.0050531067233276,0.2554853147908641,0.012774265739543118,0.0751842048686027,0.0037592102434301,0.19006584760499956,0.00950329238024989,0.0804227222382068,0.0040211361119103,0.20330883189654603,0.0101654415948272,0.0811143838179266,0.0040557191908963,0.2050573540048134,0.010252867700240594,0.0780527431075811,0.003902637155379,0.19731751905290054,0.009865875952644888,0.0776842279186892,0.0069905966317934,0.19638591178439957,0.017672244807384115
49694,0.07366497543634483,2,57866.0,150.0794915,2.3678146,0.0,0.5,2.1039194029233705,19.0,7.986,3.425993204116821,0.0061861466754503,3.4182,DJA,3.4182,8.96,False,9.28302909882007,0.2695472612785611,58049.0,0.3250353032266617,0.1058843495710373,0.3257626126144193,1.0,0.3689209120621513,0.8810433147034606,False,0.0747220990285802,0.0055814690547481,0.1572092739733914,0.011742961041100891,0.1927281319291591,0.0096364065964579,0.405484456254933,0.020274222812746535,0.2797159937885999,0.01398579968943,0.5884999066398283,0.029424995331991426,0.2886748981300354,0.0144337449065017,0.6073487193127088,0.0303674359656353,0.2642809053200364,0.0132140452660018,0.5560257245249788,0.027801286226248896,0.2680030432172775,0.0134001521608638,0.5638568026673408,0.02819284013336688,0.2833725390304684,0.0141686269515234,0.5961929831218625,0.029809649156093087,0.3402823042297125,0.0170141152114856,0.7159265423403655,0.03579632711701822,0.3440182969725609,0.017200914848628,0.7237867699612252,0.036189338498061156,0.4163589907999515,0.0208179495399975,0.8759857593256111,0.043799287966280395,0.3902071519551277,0.0195103575977563,0.8209643981578612,0.041048219907892876,0.3045111508263587,0.0152255575413179,0.6406669186301011,0.032033345931504975,0.3720580315395712,0.0186029015769785,0.7827801115695792,0.03913900557847884,0.442775112802124,0.0221387556401062,0.9315631509559728,0.04657815754779864,0.3250353032266617,0.016251765161333,0.6838480810936548,0.03419240405468256,0.3103740188164711,0.0155187009408235,0.6530019203512768,0.032650096017563725,0.3641277324352741,0.0182063866217637,0.7660954014130626,0.038304770070653124,0.3687593259809733,0.0184379662990486,0.7758399009403139,0.038791995047015554,0.3272999691917658,0.0184523864678703,0.6886127557587775,0.038822333919992964
50654,0.04049364735271933,1,59307.0,150.1192914,2.3712469,0.0,0.3,2.4905762325401906,19.0,5.595,3.562,0.0533697773134465,3.4621,DJA,3.4621,9.397,False,9.793299839328736,1.8578252576337266,59377.0,0.170467343737793,0.0336687604733276,0.1975085651895634,0.0,0.2901549143518878,0.5875045891211661,False,-0.0002102890607499,0.0014256687547363,-0.0005237409366669011,0.0035507367160213994,0.0025200033825917,0.0019498753951968,0.006276260530603772,0.004856313315692061,0.0023852702335596,0.0028205809385745,0.005940697351889129,0.007024871847569552,0.0043936214095041,0.0022753770147187,0.010942649057290643,0.0056669999129266456,0.0100594260401916,0.0021749673353543,0.02505376740869708,0.00541692195198469,0.0046122407991647,0.0035733847361709,0.011487137313151775,0.008899787093629144,0.0226153083060264,0.0023233780528212,0.05632514935855811,0.005786550157561988,0.0222379642329525,0.0043897854882562,0.055385345178670345,0.010933095403000727,0.0418417216764974,0.0029786390327897,0.10420999753604612,0.007418527580382529,0.0521561504688215,0.002607807523441,0.12989886873843676,0.00649494343692165,0.0514962714861214,0.0035929089020573,0.12825538982777107,0.008948413517145983,0.0832399995409941,0.0041619999770497,0.20731556445345628,0.010365778222672801,0.1257053399168372,0.0062852669958418,0.3130787319002604,0.015653936595012873,0.1765226284027099,0.0088261314201354,0.4396430628053133,0.021982153140265425,0.170467343737793,0.0085233671868896,0.4245619147376061,0.02122809573688018,0.1794664878444671,0.0089733243922233,0.44697496916289275,0.022348748458144503,0.2564194020929217,0.012820970104646,0.6386320684147971,0.03193160342073965,0.2867867550730467,0.0143393377536523,0.714264275992255,0.03571321379961266,0.3022244451034546,0.0151112222551727,0.7527130198673115,0.0376356509933655
54193,0.01328863191538682,1,67249.0,150.1012031,2.3966816,0.0,0.5,2.076226942860252,19.0,7.816,3.5689980983734126,0.0236850571801203,3.5345,DJA,3.5345,9.136,False,9.453274822512231,0.9256603504853671,67385.0,0.3549235262861251,0.0140179001200103,0.03949555068014745,0.0,0.39980829460483847,0.8877342743399648,False,0.0195938510578632,0.0028083943875821,0.040681281480726424,0.005830864093675473,0.0991385270352459,0.0071314811601546,0.205834080906057,0.014806573327213267,0.1690530544663667,0.0084526527233183,0.3509925064558922,0.017549625322794537,0.175377563377738,0.0087688781688869,0.364123622258041,0.01820618111290205,0.200476965207982,0.0100238482603991,0.4162356765876695,0.020811783829383475,0.2179978703693866,0.012013584128776,0.45261305194707696,0.024942927048483034,0.1986073588722467,0.0099303679436123,0.4123539495408737,0.02061769747704361,0.2458340998234033,0.0122917049911701,0.5104073815271466,0.025520369076357192,0.3339313491408824,0.0166965674570441,0.6933172641519736,0.03466586320759864,0.3402404822356343,0.0170120241117817,0.7064164562693888,0.035320822813469405,0.3457672130080461,0.0172883606504023,0.717891203605005,0.035894560180250244,0.3310443144267678,0.0165522157213383,0.6873231248935561,0.03436615624467761,0.3867240680103779,0.0193362034005188,0.802926929455667,0.04014634647278315,0.4585083492034912,0.0229254174601745,0.9519673881426653,0.04759836940713314,0.3549235262861251,0.0177461763143062,0.7369017879302218,0.036845089396510974,0.3433313967494964,0.0171665698374748,0.7128338962611471,0.03564169481305732,0.3767761485138058,0.0188388074256902,0.7822727909714793,0.039113639548573775,0.3961809850527047,0.0198090492526352,0.8225616354153402,0.04112808177076693,0.4192308328410864,0.0209615416420543,0.8704183504224061,0.04352091752112026
54521,0.05544409967078481,1,66897.0,150.0936176,2.3955177,0.0,0.3,3.847578450226795,18.0,8.194,3.419482469558716,0.0399840182961105,3.4153,DJA,3.4153,8.566,False,9.151187483644065,0.811825581528033,67044.0,0.0473158029857254,0.0107095738868522,0.22634243130319792,0.0,0.09641852443845522,0.49073353135504044,False,,,,,-8.014475139008045e-06,0.0025164332084134,-3.083632183472575e-05,0.009682174184126471,0.0088727868222284,0.0030990082875176,0.03413874337066228,0.011923677504126961,0.0122055542991423,0.0030586501292981,0.04696182769445292,0.011768396324270769,0.0096155307798702,0.0034171383880785,0.03699650901612103,0.013147708023413564,0.009006253260406,0.0053180672264211,0.034652265962022935,0.020461680857235206,0.0201758410041189,0.0028836176293079,0.07762813106265001,0.011094945049219153,0.0154130793956851,0.0058283777825839,0.059303032134472626,0.022425140756050444,0.0409417458892011,0.004655549066031,0.15752657919795163,0.017912590260434357,0.0421517666404235,0.0021075883320211,0.16218222896468215,0.008109111448233819,0.0440214998988509,0.0058710212557045,0.16937617435747976,0.02258921486427209,0.0435529420103073,0.0045888549006282,0.16757336112283563,0.017655979226874684,0.0468038977494263,0.0023401948874713,0.18008166836731102,0.009004083418365493,0.0514385809942627,0.0027806176859663,0.19791397574377073,0.010698644686843433,0.0473158029857254,0.0023657901492862,0.1820512639230537,0.009102563196152417,0.0441383223360061,0.0029505573319064,0.16982565784918108,0.011352500806401733,0.0573018881237626,0.0028650944061881,0.2204735099022957,0.011023675495114668,0.0499830302902245,0.0027416164725577,0.19231363022170095,0.010548584458599807,0.0492647395305943,0.0085659332185213,0.18954995017395074,0.032958100057664405
54969,0.04282571305658638,1,66190.0,150.126617,2.3930577,5.0,0.3,1.899004424895833,19.0,4.359,6.26548957824707,0.0171703754121384,5.8701,DJA,5.8701,8.193,False,8.471525976693629,2.0204567266937117,66103.0,0.1895064123836517,0.0239840640499877,0.12656069917799126,0.0,0.2833616748742358,0.6687792640545345,False,3.3736084862110615e-05,0.001607096598489,6.406497443180939e-05,0.003051883551765653,-0.0007413576399789,0.002785408666955,-0.001407841438750263,0.0052895033836907485,0.013240275609225,0.0025160479948107,0.025143341968758646,0.004777986275395807,0.0384029947033631,0.0023340478451546,0.07292745687093777,0.00443236718586717,0.0630373608132052,0.0031518680406602,0.11970822711803186,0.00598541135590148,0.0739298038142538,0.0045303191963441,0.14039302457494882,0.008603096200047981,0.0666430310321938,0.0033321515516096,0.12655541081860633,0.006327770540930146,0.0692033763774383,0.0042654675771835,0.1314175179584871,0.008100141803321175,0.0690419494011449,0.0034520974700572,0.13111096741620837,0.006555548370810333,0.0656679499405658,0.0032833974970282,0.1247037275109725,0.0062351863755484545,0.0716094733646512,0.0035804736682325,0.13598670678393293,0.006799335339196533,0.1017965184451937,0.0050898259222596,0.19331203896641314,0.009665601948320496,0.0923429167718017,0.00461714583859,0.17535960755743907,0.008767980377871793,0.0738318634692382,0.0036915931734619,0.14020703542638835,0.0070103517713194,0.1895064123836517,0.0094753206191825,0.3598735156626891,0.01799367578313429,0.2130932669253349,0.0106546633462667,0.4046650568067198,0.020233252840335905,0.0650528728564059,0.0032526436428202,0.12353569340650083,0.006176784670324861,0.1199429027533054,0.0059971451376652,0.22777210306337756,0.011388605153168745,0.1143342060953378,0.0061349058108279,0.21712116329199863,0.01165021328108134
55418,0.03330496490045,1,65863.0,150.1009865,2.392119,0.0,0.3,2.373537002932644,19.0,5.314,3.8881986141204834,0.0408044614896467,3.8395,DJA,3.8395,8.779,False,9.154396006664951,1.2263878414868856,66130.0,0.1334615065916061,0.0105160724970817,0.07879479833283326,0.0,0.22822009528364973,0.5847929667443602,False,0.0017887231262633,0.0012598320184922,0.0042456005281873025,0.00299025791337056,0.0301418017316722,0.0028660579000301,0.07154268174518322,0.006802694478268871,0.0636748820805728,0.0038236999585323,0.15113468877561229,0.009075693339688431,0.060641571583929,0.0030320785791964,0.14393501407044423,0.007196750703522094,0.0638728013178265,0.0031936400658913,0.15160445740882614,0.007580222870441248,0.0728339422545766,0.0045897895407769,0.172874057010697,0.010894035310707201,0.0675129066656434,0.0033756453332821,0.16024438214644257,0.008012219107321961,0.0820324260385572,0.0041016213019278,0.19470699864285088,0.0097353499321424,0.1060363796163559,0.0053018189808177,0.2516812706764335,0.01258406353382145,0.1106341150280833,0.0055317057514041,0.26259416580586226,0.013129708290292958,0.1168982745831012,0.005844913729155,0.27746238030197135,0.013873119015098422,0.1616792003076911,0.0080839600153845,0.38375156453486375,0.01918757822674306,0.1295747139554858,0.0064787356977742,0.30755037821775844,0.015377518910887707,0.1197172977783203,0.005985864888916,0.28415343616794925,0.014207671808397429,0.1334615065916061,0.0066730753295803,0.3167758243623161,0.01583879121811579,0.1203587475152015,0.00601793737576,0.2856759408539582,0.014283797042697732,0.1231950454163432,0.0061597522708171,0.2924079988736582,0.014620399943682768,0.1327282132165431,0.0066364106608271,0.31503532540259865,0.015751766270129804,0.1423423167786359,0.0071171158389317,0.3378547559572525,0.0168927377978624
56591,0.04123486429537139,1,64186.0,150.1177715,2.3868595,5.0,0.5,1.291,19.0,4.524,3.668735504150391,0.0369019647987305,3.7526,DJA,3.7526,10.109,False,10.21992624226642,1.6982953942600694,64143.0,1.1099033540382384,0.0128608227797698,0.011587335719797023,0.0,1.1762400249409808,0.9436027770725869,False,0.0109383435186219,0.0030423303905217,0.014121401482540872,0.003927648534163514,0.0340018246763992,0.0058037552548328,0.043896355657231365,0.007492648033989144,0.102318105097568,0.0064665122848257,0.13209267368096028,0.008348267359709978,0.1320801224110365,0.0066040061205518,0.17051543803264813,0.008525771901632374,0.1380732947207808,0.006903664736039,0.17825262348452803,0.00891263117422635,0.2089794204780578,0.0104489710239028,0.2697924318371726,0.013489621591858514,0.2307307043451547,0.0115365352172577,0.2978733393095947,0.01489366696547969,0.2691637156844973,0.0134581857842248,0.347490356948686,0.017374517847434216,0.60019483310709,0.0300097416553545,0.7748515295412531,0.038742576477062654,0.746782821258533,0.0373391410629266,0.9640966222447661,0.048204831112238236,0.8903762589058876,0.0445188129452943,1.1494757502475008,0.05747378751237494,0.964519712977314,0.0482259856488657,1.2451949494537122,0.06225974747268562,1.025286692850709,0.0512643346425354,1.3236451204702653,0.0661822560235132,1.0729343720092772,0.0536467186004638,1.3851582742639768,0.06925791371319877,1.1099033540382384,0.0554951677019119,1.4328852300633657,0.07164426150316826,1.1076723978614806,0.055383619893074,1.4300050656391714,0.07150025328195853,1.167504158846855,0.0583752079423427,1.5072478690712898,0.07536239345356442,1.2505600481922627,0.0625280024096131,1.6144730222162111,0.08072365111081052,1.2869515348834992,0.0643475767441749,1.6614544315345974,0.0830727215767298
57111,0.032937555145009866,1,64265.0,150.11472,2.3873544,0.0,0.5,2.0451492480376103,19.0,7.69,3.751935005187988,0.0198126058010511,3.7576,DJA,3.7576,9.515,False,9.825725006834329,2.1399840172204647,64363.0,0.5388883340366364,0.0157121804790115,0.02915665358965315,0.0,0.5934663884122671,0.9080351382297381,False,-0.0021909730173079,0.0025551330930799,-0.004480866818817946,0.00522562852394837,0.0559188679878187,0.0051556524743264,0.11436243081640181,0.010544078781011882,0.1295029999358654,0.0064751499967932,0.2648529629374498,0.013242648146872349,0.1298847972491622,0.0064942398624581,0.26563379542564153,0.013281689771282058,0.1649261058335065,0.0082463052916753,0.33729850132716716,0.016864925066358304,0.1963799529549121,0.0098189976477456,0.40162631311539976,0.02008131565576998,0.1985233119389534,0.0099261655969476,0.40600980212988647,0.020300490106494182,0.210067123660469,0.0105033561830234,0.42961861999163187,0.021480930999581493,0.3712478809445858,0.0185623940472292,0.7592573245493759,0.03796286622746861,0.3556043354439616,0.017780216772198,0.7272639392321322,0.03636319696160645,0.3961856439161896,0.0198092821958094,0.8102587717384916,0.04051293858692442,0.4029819146089315,0.0201490957304465,0.8241581596352128,0.04120790798176049,0.4682952014889836,0.0234147600744491,0.957733579184816,0.04788667895924063,0.6171237111480713,0.0308561855574035,1.2621100938006575,0.06310550469003275,0.5388883340366364,0.0269444167018318,1.1021070711312675,0.05510535355656333,0.5010109628434182,0.0250505481421709,1.0246421939178159,0.05123210969589077,0.5469122233139992,0.0273456111656999,1.118517122253203,0.05592585611266003,0.5869655787280798,0.0293482789364039,1.200432211959693,0.06002161059798448,0.6561783991856575,0.0328089199592828,1.3419827596730702,0.06709913798365336
57248,0.0323946879855401,1,63316.0,150.1066175,2.3837225,0.0,0.3,2.083729528569317,19.0,4.753,3.770756721496584,0.0251037182918044,3.7214,DJA,3.7214,8.997,False,9.31584134616633,1.6331999105508006,63411.0,0.1492836748008728,0.082300695812931,0.551304058683648,0.0,0.23877887916910367,0.625196312673659,False,0.0036588308763284,0.001337655473816,0.007624013937046639,0.00278731220984278,0.0253927667289876,0.0023731451621287,0.05291165784526397,0.004944992649908992,0.060697362519586,0.0030348681259793,0.12647688658833786,0.006323844329416893,0.0658022197084081,0.0032901109854204,0.13711402825181584,0.0068557014125907815,0.0658449360812711,0.0032922468040635,0.13720303761930383,0.006860151880965077,0.0714406731146955,0.0043217382181286,0.14886304010995915,0.009005333539861108,0.0691971363258862,0.0034598568162943,0.1441881162546856,0.0072094058127342596,0.0792785914661371,0.0039639295733068,0.16519514202137334,0.008259757101068554,0.1172363428339958,0.0058618171416997,0.2442888293846729,0.012214441469233457,0.1221717699236035,0.0061085884961801,0.2545729245473894,0.012728646227369314,0.1340899259632229,0.0067044962981611,0.2794071382132411,0.01397035691066196,0.1289246329885125,0.0064462316494256,0.2686440647181254,0.013432203235906218,0.1416279888525367,0.0070813994426268,0.2951144224439168,0.014755721122195767,0.1549981348724365,0.0077499067436218,0.32297419050686554,0.016148709525343224,0.1492836748008728,0.0074641837400436,0.3110668013159179,0.015553340065795814,0.1440222184691429,0.0072011109234571,0.30010334939421435,0.015005167469710623,0.1543796516645908,0.0077189825832295,0.3216854387837532,0.016084271939187576,0.1611578623653173,0.0080578931182658,0.3358093965717215,0.016790469828585942,0.1698151895791769,0.0084907594789588,0.3538489249257275,0.01769244624628628
59737,0.03658899490746584,1,60600.0,150.0867205,2.3749782,0.0,0.3,2.59531481650123,19.0,5.957,3.416699409484864,0.0081821359404899,3.4161,DJA,3.4161,8.137,False,8.551190046106088,1.6718633969904158,60734.0,0.1376476187467575,0.0060464441032276,0.04392697932792995,0.0,0.23592120967680152,0.5834474099862695,False,0.0188967920268273,0.002650764260689,0.0490431243315672,0.00687956776081809,0.0680546475519275,0.0034027323775963,0.1766232351232866,0.008831161756164135,0.1129221566647887,0.0056461078332394,0.29306854630339924,0.014653427315169871,0.1119603461622834,0.0055980173081141,0.29057234525558073,0.014528617262778853,0.1158275460644245,0.0057913773032212,0.3006089464599796,0.015030447322998916,0.1353945676826954,0.0067697283841347,0.35139152758067793,0.017569576379033714,0.1219110893556475,0.0060955544677823,0.3163976565005173,0.015819882825025673,0.15528196522336,0.007764098261168,0.40300558507961487,0.020150279253980746,0.1445034543799877,0.0072251727189993,0.3750319561879916,0.018751597809399362,0.2168959791024685,0.0108447989551234,0.5629133482041776,0.028145667410208814,0.1961103473771214,0.009805517368856,0.5089680902170463,0.02544840451085213,0.1246275975417494,0.0062313798770874,0.3234478504450545,0.01617239252225254,0.1678096416379809,0.008390482081899,0.43551884929481355,0.021775942464740558,0.2302723321289062,0.0115136166064453,0.5976291954044424,0.029881459770222094,0.1376476187467575,0.0068823809373378,0.3572389043895722,0.017861945219478415,0.1362399789113998,0.0068119989455699,0.353585635868571,0.017679281793428314,0.1695760121289611,0.008478800606448,0.440103136801485,0.022005156840074105,0.1663872054581165,0.0083193602729058,0.43182717960168404,0.021591358980084137,0.1617557614973306,0.01028657850247,0.41980712446846125,0.026696909598563426
15479,0.036650450433229606,1,17781.0,150.1368241,2.2518217,0.0,0.3,2.891177063470266,19.0,6.312,5.316340446472168,0.0407165671680066,5.1117,DJA,5.1117,9.044,False,9.50507468984891,1.057681825637201,17917.0,0.1537191847360611,0.0204266509065628,0.13288289904500708,0.0,0.2784138107263985,0.5521248544926649,False,-0.0012403495080666,0.0014955870699284,-0.0035860700484087816,0.00432400703299969,0.0037544471302471,0.0021707608001273,0.010854771428982177,0.006276053835608412,0.0521207221551656,0.0033086153650698,0.1506902364265213,0.009565792855335105,0.0834478402733183,0.0041723920136659,0.24126248179434817,0.012063124089717365,0.0957261616644036,0.0047863080832201,0.2767612829781704,0.013838064148908284,0.109901084354496,0.0054950542177248,0.3177434943362297,0.015887174716811486,0.0969156630339825,0.0048457831516991,0.2802003420548633,0.014010017102743093,0.117987978773117,0.0058993989386558,0.34112413799405245,0.01705620689970248,0.1104402202452659,0.0055220110122632,0.31930223165771726,0.01596511158288559,0.1042575545746803,0.005212877728734,0.30142705047981516,0.015071352523990713,0.1040924283896088,0.0052046214194804,0.3009496414409581,0.015047482072047789,0.1541351137949109,0.0077067556897455,0.4456319056792258,0.022281595283961158,0.1700025614642143,0.0085001280732107,0.49150750643653046,0.024575375321826482,0.1930511388305664,0.0096525569415283,0.5581450246637476,0.027907251233187318,0.1537191847360611,0.007685959236803,0.44442938112424846,0.02222146905621226,0.1535763255648612,0.007678816278243,0.4440163499651689,0.022200817498258273,0.1854364698122978,0.0092718234906148,0.5361296682522118,0.02680648341261033,0.1739875648758888,0.0086993782437944,0.5030288568982145,0.025151442844910613,0.1705311779562235,0.0085265588978111,0.4930358303135996,0.024651791515679762
17074,0.014096371252789898,1,19729.0,150.1493408,2.2583879,0.0,0.3,1.6201189051044709,19.0,3.659,5.51,0.0294894017485232,5.5034,DJA,5.5034,7.708,False,7.9175468898115815,0.5259947658808881,19690.0,0.0487027233946609,0.0466319998002433,0.9574823859923077,0.0,0.0760335383677786,0.6405426400002986,False,0.000384410294523,0.0029688517336855,0.00062279038547349,0.004809892820196063,-0.0004233254484344,0.0020018744934667,-0.0006858375620203993,0.0032432747125118373,0.0143947191700279,0.0032005558854773,0.02332115666103194,0.005185281096905153,0.0215496190004622,0.0034170075506995,0.03491294514044732,0.005535958531772984,0.0289917097084224,0.0029497816123073,0.04697001698991596,0.004778996956028604,0.0276639847761583,0.0054101638593385,0.044818944726376334,0.008765108748227269,0.0323621805293726,0.0024939745707327,0.05243058048604036,0.004040535350893855,0.0352077968430411,0.0053269662322269,0.057040817272488394,0.008630318699683934,0.0251653959068632,0.0035221586566093,0.04077093366314774,0.005706315826350093,0.0266213966042482,0.0021435193114376,0.04312982791882647,0.003472756159916574,0.0307725917095243,0.0046711684826089,0.049855257587661427,0.007567848367602843,0.0324847235446667,0.0037942733102562,0.05262911474180684,0.006147173921079391,0.0326873718529486,0.0016343685926474,0.05295742909714179,0.002647871454857041,0.0252505475744628,0.0028036520716273,0.04090888948962702,0.0045422497245787025,0.0487027233946609,0.002435136169733,0.0789042029017639,0.003945210145088122,0.0229494296936035,0.0026521006040371,0.03718080490797294,0.004296718326839492,0.0481945454580867,0.0027220762126323,0.07808089421956307,0.004410087133220767,0.0364006470890593,0.0027295839454727,0.058973376507021,0.004422250553129972,0.0241409819123768,0.0095715314265274,0.03911126118402674,0.015507019014918605
45547,0.03235615274871104,1,53122.0,150.1462288,2.3543758,0.0,0.5,1.617920245984106,19.0,5.924,4.579,0.0281218195103205,4.4825,DJA,4.4825,9.221,False,9.429957109623167,1.1896964885014754,53288.0,0.397299789130783,0.010789056267414,0.02715595769889136,0.0,0.4150981540773202,0.9571225148276089,False,0.006677220759438,0.0034262640632191,0.010803210653600107,0.005543421995969949,0.0339195277904033,0.0065175000819452,0.05487909074631403,0.010544795335782208,0.1734274405653476,0.0086713720282673,0.2805917672998811,0.014029588364993927,0.1907098916249752,0.0095354945812487,0.30855339476948207,0.015427669738474007,0.2336046810421586,0.0116802340521079,0.37795374301476786,0.018897687150738345,0.2122940772367,0.010614703861835,0.34347488566377044,0.017173744283188522,0.2394944704762459,0.0119747235238122,0.38748295258476095,0.019374147629237896,0.232301469002366,0.0116150734501183,0.37584524987077716,0.01879226249353886,0.2501850370134353,0.0125092518506717,0.40477943662631993,0.020238971831315893,0.2845037059650421,0.0142251852982521,0.4603043059383507,0.023015215296917524,0.3429454937078357,0.0171472746853917,0.5548584575389223,0.02774292287694597,0.3206424731821298,0.0160321236591064,0.5187739490837836,0.025938697454189034,0.3999308028664112,0.0199965401433205,0.647056142950245,0.03235280714751215,0.3094267399169921,0.0154713369958496,0.5006277871605599,0.025031389358027983,0.397299789130783,0.0198649894565391,0.6427993725599099,0.03213996862799542,0.4542192610983848,0.0227109630549192,0.7348905386470176,0.036744526932350814,0.3487913563030958,0.0174395678151547,0.5643165969870347,0.02821582984935159,0.3623416188039064,0.0181170809401953,0.5862398410254954,0.02931199205127474,0.3473375241260529,0.0173668762063026,0.5619644124735339,0.02809822062367662
46008,0.06529004460190463,1,53569.0,150.1241341,2.3558469,0.0,0.3,3.782650032612326,19.0,7.534,4.411,0.0402788658325254,4.389,DJA,4.389,8.242,False,8.819796162615496,1.57031857069643,53621.0,0.0472001594312667,0.0638957212735176,1.3537183357730629,0.0,0.09973733718944544,0.47324463196378164,False,-0.0020150778488156,0.0015104504119791,-0.007622334290538705,0.005713505300132043,0.0101982922434697,0.0023336207435255,0.03857657048735069,0.008827270581601534,0.0247315128705322,0.0031130486465516,0.09355065796627078,0.011775573564402167,0.0298656282375061,0.0022206445562562,0.11297121962659006,0.0083999212031429,0.034254314936223,0.0019106207909178,0.12957208551061683,0.007227209797075004,0.0311903918383932,0.0039535475086304,0.11798233670468926,0.014954886612455162,0.030275801482526,0.0018324208802376,0.11452276146524128,0.006931406902390265,0.0284825528134131,0.0033108679306013,0.10773952932853935,0.012523854685664111,0.0307343264746427,0.0022825818477075,0.11625720104162508,0.008634208300671077,0.0354141845618939,0.0017707092280946,0.1339594663879869,0.006697973319398985,0.0473766358312547,0.0028858381019051,0.1792092330721579,0.01091611559028522,0.0403859313963663,0.0030513820602858,0.15276584471354415,0.011542310449852747,0.0505103671635997,0.0025255183581799,0.19106304199865096,0.009553152099932226,0.0378232045947265,0.0019858916747231,0.14307194609374488,0.007511933208155881,0.0472001594312667,0.0023600079715633,0.17854168461198797,0.008927084230599267,0.0535770489792346,0.0026788524489617,0.20266322606857395,0.010133161303428584,0.0376195138616681,0.0019868863211187,0.14230145533569868,0.007515695607376635,0.0387242250501322,0.0023648613609864,0.14648019114876962,0.008945442904258836,0.0408647610856437,0.0056943836029063,0.15457708985330507,0.02153986032124061
